"","Year","Location","Event","Athelete","Country","Medal","Time","TimeFormat","Altitude","minutes","seconds","totalseconds"
"1",1924,"Chamonix, France","500m Men","Charles Jewtraw","USA","GOLD","44","00:44.00",1035,0,44,44
"2",1924,"Chamonix, France","500m Men","Oskar Olsen","NOR","SILVER","44.2","00:44.20",1035,0,44.2,44.2
"3",1924,"Chamonix, France","500m Men","Roald Larsen","NOR","BRONZE","44.8","00:44.80",1035,0,44.8,44.8
"4",1924,"Chamonix, France","500m Men","Clas Thunberg","FIN","BRONZE","44.8","00:44.80",1035,0,44.8,44.8
"5",1924,"Chamonix, France","1500m Men","Clas Thunberg","FIN","GOLD","02:20.0","02:20.00",1035,120,20,140
"6",1924,"Chamonix, France","1500m Men","Roald Larsen","NOR","SILVER","02:22.0","02:22.00",1035,120,22,142
"7",1924,"Chamonix, France","1500m Men","Sigurd Moen","NOR","BRONZE","02:25.0","02:25.00",1035,120,25,145
"8",1924,"Chamonix, France","5000m Men","Clas Thunberg","FIN","GOLD","08:39.0","08:39.00",1035,480,39,519
"9",1924,"Chamonix, France","5000m Men","Julius Skutnabb","FIN","SILVER","08:48.0","08:48.00",1035,480,48,528
"10",1924,"Chamonix, France","5000m Men","Roald Larsen","NOR","BRONZE","08:50.0","08:50.00",1035,480,50,530
"11",1924,"Chamonix, France","10000m Men","Julius Skutnabb","FIN","GOLD","18:04.0","18:04.00",1035,1080,4,1084
"12",1924,"Chamonix, France","10000m Men","Clas Thunberg","FIN","SILVER","18:07.0","18:07.00",1035,1080,7,1087
"13",1924,"Chamonix, France","10000m Men","Roald Larsen","NOR","BRONZE","18:12.0","18:12.00",1035,1080,12,1092
"14",1924,"Chamonix, France","Four-Race Combined","Clas Thunberg","FIN","GOLD","5.5","00:05.50",1035,0,5.5,5.5
"15",1924,"Chamonix, France","Four-Race Combined","Roald Larsen","NOR","SILVER","9.5","00:09.50",1035,0,9.5,9.5
"16",1924,"Chamonix, France","Four-Race Combined","Julius Skutnabb","FIN","BRONZE","11","00:11.00",1035,0,11,11
"17",1928,"St. Moritz, Switzerland","500m Men","Bæla Evensen","NOR","GOLD","43.4","00:43.40",1822,0,43.4,43.4
"18",1928,"St. Moritz, Switzerland","500m Men","Clas Thunberg","FIN","GOLD","43.4","00:43.40",1822,0,43.4,43.4
"19",1928,"St. Moritz, Switzerland","500m Men","John Farrell","USA","BRONZE","","",1822,NA,NA,NA
"20",1928,"St. Moritz, Switzerland","500m Men","Jaako Friman","FIN","BRONZE","","",1822,NA,NA,NA
"21",1928,"St. Moritz, Switzerland","500m Men","Roald Larsen","NOR","BRONZE","","",1822,NA,NA,NA
"22",1928,"St. Moritz, Switzerland","1500m Men","Clas Thunberg","FIN","GOLD","02:21.0","02:21.00",1822,120,21,141
"23",1928,"St. Moritz, Switzerland","1500m Men","Bæla Evensen","NOR","SILVER","02:21.0","02:21.00",1822,120,21,141
"24",1928,"St. Moritz, Switzerland","1500m Men","Ivar Ballangrud","NOR","BRONZE","02:22.0","02:22.00",1822,120,22,142
"25",1928,"St. Moritz, Switzerland","5000m Men","Ivar Ballangrud","NOR","GOLD","08:50.0","08:50.00",1822,480,50,530
"26",1928,"St. Moritz, Switzerland","5000m Men","Julius Skutnabb","FIN","SILVER","08:59.0","08:59.00",1822,480,59,539
"27",1928,"St. Moritz, Switzerland","5000m Men","Bæla Evensen","NOR","BRONZE","09:01.0","09:01.00",1822,540,1,541
"28",1932,"Lake Placid, United States","500m Men","Jack Shea","USA","GOLD","43.4","00:43.40",568,0,43.4,43.4
"29",1932,"Lake Placid, United States","500m Men","Bæla Evensen","NOR","SILVER","","",568,NA,NA,NA
"30",1932,"Lake Placid, United States","500m Men","Alexander Hurd","CAN","BRONZE","","",568,NA,NA,NA
"31",1932,"Lake Placid, United States","1500m Men","Jack Shea","USA","GOLD","02:57.0","02:57.00",568,120,57,177
"32",1932,"Lake Placid, United States","1500m Men","Alexander Hurd","CAN","SILVER","","",568,NA,NA,NA
"33",1932,"Lake Placid, United States","1500m Men","William Logan","CAN","BRONZE","","",568,NA,NA,NA
"34",1932,"Lake Placid, United States","5000m Men","Irving Jaffee","USA","GOLD","09:40.0","09:40.00",568,540,40,580
"35",1932,"Lake Placid, United States","5000m Men","Edward Murphy","USA","SILVER","","",568,NA,NA,NA
"36",1932,"Lake Placid, United States","5000m Men","William Logan","CAN","BRONZE","","",568,NA,NA,NA
"37",1932,"Lake Placid, United States","10000m Men","Irving Jaffee","USA","GOLD","19:13.0","19:13.00",568,1140,13,1153
"38",1932,"Lake Placid, United States","10000m Men","Ivar Ballangrud","NOR","SILVER","","",568,NA,NA,NA
"39",1932,"Lake Placid, United States","10000m Men","Frank Stack","CAN","BRONZE","","",568,NA,NA,NA
"40",1936,"Garmisch-Partenkirchen, Germany","500m Men","Ivar Ballangrud","NOR","GOLD","43.4","00:43.40",708,0,43.4,43.4
"41",1936,"Garmisch-Partenkirchen, Germany","500m Men","Georg Krog","NOR","SILVER","43.5","00:43.50",708,0,43.5,43.5
"42",1936,"Garmisch-Partenkirchen, Germany","500m Men","Leo Freisinger","USA","BRONZE","44","00:44.00",708,0,44,44
"43",1936,"Garmisch-Partenkirchen, Germany","1500m Men","Charles Mathiesen","NOR","GOLD","02:19.0","02:19.00",708,120,19,139
"44",1936,"Garmisch-Partenkirchen, Germany","1500m Men","Ivar Ballangrud","NOR","SILVER","02:20.0","02:20.00",708,120,20,140
"45",1936,"Garmisch-Partenkirchen, Germany","1500m Men","Birger Wasenius","FIN","BRONZE","02:20.0","02:20.00",708,120,20,140
"46",1936,"Garmisch-Partenkirchen, Germany","5000m Men","Ivar Ballangrud","NOR","GOLD","08:19.0","08:19.00",708,480,19,499
"47",1936,"Garmisch-Partenkirchen, Germany","5000m Men","Birger Wasenius","FIN","SILVER","08:23.0","08:23.00",708,480,23,503
"48",1936,"Garmisch-Partenkirchen, Germany","5000m Men","Antero Ojala","FIN","BRONZE","08:30.0","08:30.00",708,480,30,510
"49",1936,"Garmisch-Partenkirchen, Germany","10000m Men","Ivar Ballangrud","NOR","GOLD","17:24.0","17:24.00",708,1020,24,1044
"50",1936,"Garmisch-Partenkirchen, Germany","10000m Men","Birger Wasenius","FIN","SILVER","17:28.0","17:28.00",708,1020,28,1048
"51",1936,"Garmisch-Partenkirchen, Germany","10000m Men","Max Stiepl","AUT","BRONZE","17:30.0","17:30.00",708,1020,30,1050
"52",1948,"St. Moritz, Switzerland","500m Men","Finn Helgesen","NOR","GOLD","43.1","00:43.10",1822,0,43.1,43.1
"53",1948,"St. Moritz, Switzerland","500m Men","Ken Bartholomew","USA","SILVER","43.2","00:43.20",1822,0,43.2,43.2
"54",1948,"St. Moritz, Switzerland","500m Men","Thomas Byberg","NOR","SILVER","43.2","00:43.20",1822,0,43.2,43.2
"55",1948,"St. Moritz, Switzerland","500m Men","Robert Fitzgerald","USA","SILVER","43.2","00:43.20",1822,0,43.2,43.2
"56",1948,"St. Moritz, Switzerland","1500m Men","Sverre Farstad","NOR","GOLD","02:17.0","02:17.00",1822,120,17,137
"57",1948,"St. Moritz, Switzerland","1500m Men","Åke Seyffarth","SWE","SILVER","02:18.0","02:18.00",1822,120,18,138
"58",1948,"St. Moritz, Switzerland","1500m Men","Odd Lundberg","NOR","BRONZE","02:18.0","02:18.00",1822,120,18,138
"59",1948,"St. Moritz, Switzerland","5000m Men","Reidar Liaklev","NOR","GOLD","08:29.0","08:29.00",1822,480,29,509
"60",1948,"St. Moritz, Switzerland","5000m Men","Odd Lundberg","NOR","SILVER","08:32.0","08:32.00",1822,480,32,512
"61",1948,"St. Moritz, Switzerland","5000m Men","Göthe Hedlund","SWE","BRONZE","08:34.0","08:34.00",1822,480,34,514
"62",1948,"St. Moritz, Switzerland","10000m Men","Åke Seyffarth","SWE","GOLD","17:26.0","17:26.00",1822,1020,26,1046
"63",1948,"St. Moritz, Switzerland","10000m Men","Lassi Parkkinen","FIN","SILVER","17:36.0","17:36.00",1822,1020,36,1056
"64",1948,"St. Moritz, Switzerland","10000m Men","Pentti Lammio","FIN","BRONZE","17:42.0","17:42.00",1822,1020,42,1062
"65",1952,"Oslo, Norway","500m Men","Ken Henry","USA","GOLD","43.2","00:43.20",204,0,43.2,43.2
"66",1952,"Oslo, Norway","500m Men","Donald McDermott","USA","SILVER","43.9","00:43.90",204,0,43.9,43.9
"67",1952,"Oslo, Norway","500m Men","Arne Johansen","NOR","BRONZE","44","00:44.00",204,0,44,44
"68",1952,"Oslo, Norway","500m Men","Gordon Audley","CAN","BRONZE","44","00:44.00",204,0,44,44
"69",1952,"Oslo, Norway","1500m Men","Hjallis Andersen","NOR","GOLD","02:20.0","02:20.00",204,120,20,140
"70",1952,"Oslo, Norway","1500m Men","Wim van der Voort","NED","SILVER","02:20.0","02:20.00",204,120,20,140
"71",1952,"Oslo, Norway","1500m Men","Roald Aas","NOR","BRONZE","02:21.0","02:21.00",204,120,21,141
"72",1952,"Oslo, Norway","5000m Men","Hjallis Andersen","NOR","GOLD","08:10.0","08:10.00",204,480,10,490
"73",1952,"Oslo, Norway","5000m Men","Kees Broekman","NED","SILVER","08:21.0","08:21.00",204,480,21,501
"74",1952,"Oslo, Norway","5000m Men","Sverre Haugli","NOR","BRONZE","08:22.0","08:22.00",204,480,22,502
"75",1952,"Oslo, Norway","10000m Men","Hjallis Andersen","NOR","GOLD","16:45.0","16:45.00",204,960,45,1005
"76",1952,"Oslo, Norway","10000m Men","Kees Broekman","NED","SILVER","17:10.0","17:10.00",204,1020,10,1030
"77",1952,"Oslo, Norway","10000m Men","Carl-Erik Asplund","SWE","BRONZE","17:16.0","17:16.00",204,1020,16,1036
"78",1956,"Cortina d'Ampezzo, Italy","500m Men","Yevgeny Grishin","URS","GOLD","40.2","00:40.20",1210,0,40.2,40.2
"79",1956,"Cortina d'Ampezzo, Italy","500m Men","Rafael Grach","URS","SILVER","40.8","00:40.80",1210,0,40.8,40.8
"80",1956,"Cortina d'Ampezzo, Italy","500m Men","Alv Gjestvang","NOR","BRONZE","41","00:41.00",1210,0,41,41
"81",1956,"Cortina d'Ampezzo, Italy","1500m Men","Yevgeny Grishin","URS","GOLD","02:08.0","02:08.00",1210,120,8,128
"82",1956,"Cortina d'Ampezzo, Italy","1500m Men","Yury Mikhaylov","URS","GOLD","02:08.0","02:08.00",1210,120,8,128
"83",1956,"Cortina d'Ampezzo, Italy","1500m Men","Toivo Salonen","FIN","BRONZE","02:09.0","02:09.00",1210,120,9,129
"84",1956,"Cortina d'Ampezzo, Italy","5000m Men","Boris Shilkov","URS","GOLD","07:48.0","07:48.00",1210,420,48,468
"85",1956,"Cortina d'Ampezzo, Italy","5000m Men","Sigge Ericsson","SWE","SILVER","07:56.0","07:56.00",1210,420,56,476
"86",1956,"Cortina d'Ampezzo, Italy","5000m Men","Oleg Goncharenko","URS","BRONZE","07:57.0","07:57.00",1210,420,57,477
"87",1956,"Cortina d'Ampezzo, Italy","10000m Men","Sigge Ericsson","SWE","GOLD","16:35.0","16:35.00",1210,960,35,995
"88",1956,"Cortina d'Ampezzo, Italy","10000m Men","Knut Johannesen","NOR","SILVER","16:36.0","16:36.00",1210,960,36,996
"89",1956,"Cortina d'Ampezzo, Italy","10000m Men","Oleg Goncharenko","URS","BRONZE","16:42.0","16:42.00",1210,960,42,1002
"90",1960,"Squaw Valley, United States","500m Men","Yevgeny Grishin","URS","GOLD","40.2","00:40.20",1880,0,40.2,40.2
"91",1960,"Squaw Valley, United States","500m Men","William Disney","USA","SILVER","40.3","00:40.30",1880,0,40.3,40.3
"92",1960,"Squaw Valley, United States","500m Men","Rafael Grach","URS","BRONZE","40.4","00:40.40",1880,0,40.4,40.4
"93",1960,"Squaw Valley, United States","1500m Men","Yevgeny Grishin","URS","GOLD","02:10.0","02:10.00",1880,120,10,130
"94",1960,"Squaw Valley, United States","1500m Men","Roald Aas","NOR","GOLD","02:10.0","02:10.00",1880,120,10,130
"95",1960,"Squaw Valley, United States","1500m Men","Boris Stenin","URS","BRONZE","02:11.0","02:11.00",1880,120,11,131
"96",1960,"Squaw Valley, United States","5000m Men","Viktor Kosichkin","URS","GOLD","07:51.0","07:51.00",1880,420,51,471
"97",1960,"Squaw Valley, United States","5000m Men","Knut Johannesen","NOR","SILVER","08:00.0","08:00.00",1880,480,0,480
"98",1960,"Squaw Valley, United States","5000m Men","Jan Pesman","NED","BRONZE","08:05.0","08:05.00",1880,480,5,485
"99",1960,"Squaw Valley, United States","10000m Men","Knut Johannesen","NOR","GOLD","15:46.0","15:46.00",1880,900,46,946
"100",1960,"Squaw Valley, United States","10000m Men","Viktor Kosichkin","URS","SILVER","15:49.0","15:49.00",1880,900,49,949
"101",1960,"Squaw Valley, United States","10000m Men","Kjell Båckman","SWE","BRONZE","16:14.0","16:14.00",1880,960,14,974
"102",1960,"Squaw Valley, United States","500m Women","Helga Haase","GER","GOLD","45.9","00:45.90",1880,0,45.9,45.9
"103",1960,"Squaw Valley, United States","500m Women","Natalya Donchenko","URS","SILVER","46","00:46.00",1880,0,46,46
"104",1960,"Squaw Valley, United States","500m Women","Jeanne Ashworth","USA","BRONZE","46.1","00:46.10",1880,0,46.1,46.1
"105",1960,"Squaw Valley, United States","1000m Women","Klara Guseva","URS","GOLD","01:34.0","01:34.00",1880,60,34,94
"106",1960,"Squaw Valley, United States","1000m Women","Helga Haase","GER","SILVER","01:34.0","01:34.00",1880,60,34,94
"107",1960,"Squaw Valley, United States","1000m Women","Tamara Rylova","URS","BRONZE","01:34.0","01:34.00",1880,60,34,94
"108",1960,"Squaw Valley, United States","1500m Women","Lidiya Skoblikova","URS","GOLD","02:25.0","02:25.00",1880,120,25,145
"109",1960,"Squaw Valley, United States","1500m Women","Elvira Seroczynska","POL","SILVER","02:25.0","02:25.00",1880,120,25,145
"110",1960,"Squaw Valley, United States","1500m Women","Helena Pilejczykowa","POL","BRONZE","02:27.0","02:27.00",1880,120,27,147
"111",1960,"Squaw Valley, United States","3000m Women","Lidiya Skoblikova","URS","GOLD","05:14.0","05:14.00",1880,300,14,314
"112",1960,"Squaw Valley, United States","3000m Women","Valentina Stenina","URS","SILVER","05:16.0","05:16.00",1880,300,16,316
"113",1960,"Squaw Valley, United States","3000m Women","Eevi Huttunen","FIN","BRONZE","05:21.0","05:21.00",1880,300,21,321
"114",1964,"Innsbruck, Austria","500m Men","Terry McDermott","USA","GOLD","40.1","00:40.10",574,0,40.1,40.1
"115",1964,"Innsbruck, Austria","500m Men","Vladimir Orlov","URS","SILVER","40.6","00:40.60",574,0,40.6,40.6
"116",1964,"Innsbruck, Austria","500m Men","Alv Gjestvang","NOR","SILVER","40.6","00:40.60",574,0,40.6,40.6
"117",1964,"Innsbruck, Austria","500m Men","Yevgeny Grishin","URS","SILVER","40.6","00:40.60",574,0,40.6,40.6
"118",1964,"Innsbruck, Austria","1500m Men","Ants Antson","URS","GOLD","02:10.0","02:10.00",574,120,10,130
"119",1964,"Innsbruck, Austria","1500m Men","Kees Verkerk","NED","SILVER","02:10.0","02:10.00",574,120,10,130
"120",1964,"Innsbruck, Austria","1500m Men","Villy Haugen","NOR","BRONZE","02:11.0","02:11.00",574,120,11,131
"121",1964,"Innsbruck, Austria","5000m Men","Knut Johannesen","NOR","GOLD","07:38.0","07:38.00",574,420,38,458
"122",1964,"Innsbruck, Austria","5000m Men","Per Ivar Moe","NOR","SILVER","07:38.0","07:38.00",574,420,38,458
"123",1964,"Innsbruck, Austria","5000m Men","Fred Anton Maier","NOR","BRONZE","07:42.0","07:42.00",574,420,42,462
"124",1964,"Innsbruck, Austria","10000m Men","Jonny Nilsson","SWE","GOLD","15:50.0","15:50.00",574,900,50,950
"125",1964,"Innsbruck, Austria","10000m Men","Fred Anton Maier","NOR","SILVER","16:06.0","16:06.00",574,960,6,966
"126",1964,"Innsbruck, Austria","10000m Men","Knut Johannesen","NOR","BRONZE","16:06.0","16:06.00",574,960,6,966
"127",1964,"Innsbruck, Austria","500m Women","Lidiya Skoblikova","URS","GOLD","45","00:45.00",574,0,45,45
"128",1964,"Innsbruck, Austria","500m Women","Irina Yegorova","URS","SILVER","45.4","00:45.40",574,0,45.4,45.4
"129",1964,"Innsbruck, Austria","500m Women","Tatyana Sidorova","URS","BRONZE","45.5","00:45.50",574,0,45.5,45.5
"130",1964,"Innsbruck, Austria","1000m Women","Lidiya Skoblikova","URS","GOLD","01:33.0","01:33.00",574,60,33,93
"131",1964,"Innsbruck, Austria","1000m Women","Irina Yegorova","URS","SILVER","01:34.0","01:34.00",574,60,34,94
"132",1964,"Innsbruck, Austria","1000m Women","Kaija Mustonen","FIN","BRONZE","01:34.0","01:34.00",574,60,34,94
"133",1964,"Innsbruck, Austria","1500m Women","Lidiya Skoblikova","URS","GOLD","02:22.0","02:22.00",574,120,22,142
"134",1964,"Innsbruck, Austria","1500m Women","Kaija Mustonen","FIN","SILVER","02:25.0","02:25.00",574,120,25,145
"135",1964,"Innsbruck, Austria","1500m Women","Berta Kolokoltseva","URS","BRONZE","02:27.0","02:27.00",574,120,27,147
"136",1964,"Innsbruck, Austria","3000m Women","Lidiya Skoblikova","URS","GOLD","05:14.0","05:14.00",574,300,14,314
"137",1964,"Innsbruck, Austria","3000m Women","Valentina Stenina","URS","SILVER","05:18.0","05:18.00",574,300,18,318
"138",1964,"Innsbruck, Austria","3000m Women","Pil-Hwa Han","PRK","SILVER","05:18.0","05:18.00",574,300,18,318
"139",1968,"Grenoble, France","500m Men","Erhard Keller","FRG","GOLD","40.3","00:40.30",213,0,40.3,40.3
"140",1968,"Grenoble, France","500m Men","Terry McDermott","USA","SILVER","40.5","00:40.50",213,0,40.5,40.5
"141",1968,"Grenoble, France","500m Men","Magne Thomassen","NOR","SILVER","40.5","00:40.50",213,0,40.5,40.5
"142",1968,"Grenoble, France","1500m Men","Kees Verkerk","NED","GOLD","02:03.0","02:03.00",213,120,3,123
"143",1968,"Grenoble, France","1500m Men","Ard Schenk","NED","SILVER","02:05.0","02:05.00",213,120,5,125
"144",1968,"Grenoble, France","1500m Men","Ivar Eriksen","NOR","SILVER","02:05.0","02:05.00",213,120,5,125
"145",1968,"Grenoble, France","5000m Men","Fred Anton Maier","NOR","GOLD","07:22.0","07:22.00",213,420,22,442
"146",1968,"Grenoble, France","5000m Men","Kees Verkerk","NED","SILVER","07:23.0","07:23.00",213,420,23,443
"147",1968,"Grenoble, France","5000m Men","Peter Nottet","NED","BRONZE","07:25.0","07:25.00",213,420,25,445
"148",1968,"Grenoble, France","10000m Men","Johnny Höglin","SWE","GOLD","15:23.0","15:23.00",213,900,23,923
"149",1968,"Grenoble, France","10000m Men","Fred Anton Maier","NOR","SILVER","15:23.0","15:23.00",213,900,23,923
"150",1968,"Grenoble, France","10000m Men","Örjan Sandler","SWE","BRONZE","15:31.0","15:31.00",213,900,31,931
"151",1968,"Grenoble, France","500m Women","Lyudmila Titova","URS","GOLD","46.1","00:46.10",213,0,46.1,46.1
"152",1968,"Grenoble, France","500m Women","Mary Meyers","USA","SILVER","46.3","00:46.30",213,0,46.3,46.3
"153",1968,"Grenoble, France","500m Women","Dianne Holum","USA","SILVER","46.3","00:46.30",213,0,46.3,46.3
"154",1968,"Grenoble, France","500m Women","Jennifer Fish","USA","SILVER","46.3","00:46.30",213,0,46.3,46.3
"155",1968,"Grenoble, France","1000m Women","Carry Geijssen","NED","GOLD","01:32.0","01:32.00",213,60,32,92
"156",1968,"Grenoble, France","1000m Women","Lyudmila Titova","URS","SILVER","01:32.0","01:32.00",213,60,32,92
"157",1968,"Grenoble, France","1000m Women","Dianne Holum","USA","BRONZE","01:33.0","01:33.00",213,60,33,93
"158",1968,"Grenoble, France","1500m Women","Kaija Mustonen","FIN","GOLD","02:22.0","02:22.00",213,120,22,142
"159",1968,"Grenoble, France","1500m Women","Carry Geijssen","NED","SILVER","02:22.0","02:22.00",213,120,22,142
"160",1968,"Grenoble, France","1500m Women","Stien Baas-Kaiser","NED","BRONZE","02:24.0","02:24.00",213,120,24,144
"161",1968,"Grenoble, France","3000m Women","Ans Schut","NED","GOLD","04:56.0","04:56.00",213,240,56,296
"162",1968,"Grenoble, France","3000m Women","Kaija Mustonen","FIN","SILVER","05:01.0","05:01.00",213,300,1,301
"163",1968,"Grenoble, France","3000m Women","Stien Baas-Kaiser","NED","BRONZE","05:01.0","05:01.00",213,300,1,301
"164",1972,"Sapporo, Japan","500m Men","Erhard Keller","FRG","GOLD","39.44","00:39.44",23,0,39.44,39.44
"165",1972,"Sapporo, Japan","500m Men","Hasse Börjes","SWE","SILVER","39.69","00:39.69",23,0,39.69,39.69
"166",1972,"Sapporo, Japan","500m Men","Valery Muratov","URS","BRONZE","39.8","00:39.80",23,0,39.8,39.8
"167",1972,"Sapporo, Japan","1500m Men","Ard Schenk","NED","GOLD","2:02.96","02:02.96",23,120,2.96,122.96
"168",1972,"Sapporo, Japan","1500m Men","Roar Grønvold","NOR","SILVER","2:04.26","02:04.26",23,120,4.26,124.26
"169",1972,"Sapporo, Japan","1500m Men","Göran Clæsson","SWE","BRONZE","2:05.89","02:05.89",23,120,5.89,125.89
"170",1972,"Sapporo, Japan","5000m Men","Ard Schenk","NED","GOLD","7:23.61","07:23.61",23,420,23.61,443.61
"171",1972,"Sapporo, Japan","5000m Men","Roar Grønvold","NOR","SILVER","7:28.18","07:28.18",23,420,28.18,448.18
"172",1972,"Sapporo, Japan","5000m Men","Sten Stensen","NOR","BRONZE","7:33.39","07:33.39",23,420,33.39,453.39
"173",1972,"Sapporo, Japan","10000m Men","Ard Schenk","NED","GOLD","15:01.35","15:01.35",23,900,1.35,901.35
"174",1972,"Sapporo, Japan","10000m Men","Kees Verkerk","NED","SILVER","15:04.70","15:04.70",23,900,4.7,904.7
"175",1972,"Sapporo, Japan","10000m Men","Sten Stensen","NOR","BRONZE","15:07.08","15:07.08",23,900,7.08,907.08
"176",1972,"Sapporo, Japan","500m Women","Anne Henning","USA","GOLD","43.33","00:43.33",23,0,43.33,43.33
"177",1972,"Sapporo, Japan","500m Women","Vera Krasnova","URS","SILVER","44.01","00:44.01",23,0,44.01,44.01
"178",1972,"Sapporo, Japan","500m Women","Lyudmila Titova","URS","BRONZE","44.45","00:44.45",23,0,44.45,44.45
"179",1972,"Sapporo, Japan","1000m Women","Monika Pflug","FRG","GOLD","1:31.40","01:31.40",23,60,31.4,91.4
"180",1972,"Sapporo, Japan","1000m Women","Atje Keulen-Deelstra","NED","SILVER","1:31.61","01:31.61",23,60,31.61,91.61
"181",1972,"Sapporo, Japan","1000m Women","Anne Henning","USA","BRONZE","1:31.62","01:31.62",23,60,31.62,91.62
"182",1972,"Sapporo, Japan","1500m Women","Dianne Holum","USA","GOLD","2:20.85","02:20.85",23,120,20.85,140.85
"183",1972,"Sapporo, Japan","1500m Women","Stien Baas-Kaiser","NED","SILVER","2:21.05","02:21.05",23,120,21.05,141.05
"184",1972,"Sapporo, Japan","1500m Women","Atje Keulen-Deelstra","NED","BRONZE","2:22.05","02:22.05",23,120,22.05,142.05
"185",1972,"Sapporo, Japan","3000m Women","Stien Baas-Kaiser","NED","GOLD","4:52.14","04:52.14",23,240,52.14,292.14
"186",1972,"Sapporo, Japan","3000m Women","Dianne Holum","USA","SILVER","4:58.67","04:58.67",23,240,58.67,298.67
"187",1972,"Sapporo, Japan","3000m Women","Atje Keulen-Deelstra","NED","BRONZE","4:59.91","04:59.91",23,240,59.91,299.91
"188",1976,"Innsbruck, Austria","500m Men","Yevgeny Kulikov","URS","GOLD","39.17","00:39.17",574,0,39.17,39.17
"189",1976,"Innsbruck, Austria","500m Men","Valery Muratov","URS","SILVER","39.25","00:39.25",574,0,39.25,39.25
"190",1976,"Innsbruck, Austria","500m Men","Daniel Immerfall","USA","BRONZE","39.54","00:39.54",574,0,39.54,39.54
"191",1976,"Innsbruck, Austria","1000m Men","Peter Mueller","USA","GOLD","1:19.32","01:19.32",574,60,19.32,79.32
"192",1976,"Innsbruck, Austria","1000m Men","Jørn Didriksen","NOR","SILVER","1:20.45","01:20.45",574,60,20.45,80.45
"193",1976,"Innsbruck, Austria","1000m Men","Valery Muratov","URS","BRONZE","1:20.57","01:20.57",574,60,20.57,80.57
"194",1976,"Innsbruck, Austria","1500m Men","Jan Egil Storholt","NOR","GOLD","1:59.38","01:59.38",574,60,59.38,119.38
"195",1976,"Innsbruck, Austria","1500m Men","Yuri Kondakov","URS","SILVER","1:59.97","01:59.97",574,60,59.97,119.97
"196",1976,"Innsbruck, Austria","1500m Men","Hans van Helden","NED","BRONZE","2:00.87","02:00.87",574,120,0.87,120.87
"197",1976,"Innsbruck, Austria","5000m Men","Sten Stensen","NOR","GOLD","7:24.48","07:24.48",574,420,24.48,444.48
"198",1976,"Innsbruck, Austria","5000m Men","Piet Kleine","NED","SILVER","7:26.47","07:26.47",574,420,26.47,446.47
"199",1976,"Innsbruck, Austria","5000m Men","Hans van Helden","NED","BRONZE","7:26.54","07:26.54",574,420,26.54,446.54
"200",1976,"Innsbruck, Austria","10000m Men","Piet Kleine","NED","GOLD","14:50.59","14:50.59",574,840,50.59,890.59
"201",1976,"Innsbruck, Austria","10000m Men","Sten Stensen","NOR","SILVER","14:53.30","14:53.30",574,840,53.3,893.3
"202",1976,"Innsbruck, Austria","10000m Men","Hans van Helden","NED","BRONZE","15:02.02","15:02.02",574,900,2.02,902.02
"203",1976,"Innsbruck, Austria","500m Women","Sheila Young","USA","GOLD","42.76","00:42.76",574,0,42.76,42.76
"204",1976,"Innsbruck, Austria","500m Women","Cathy Priestner","CAN","SILVER","43.12","00:43.12",574,0,43.12,43.12
"205",1976,"Innsbruck, Austria","500m Women","Tatyana Averina","URS","BRONZE","43.17","00:43.17",574,0,43.17,43.17
"206",1976,"Innsbruck, Austria","1000m Women","Tatyana Averina","URS","GOLD","1:28.43","01:28.43",574,60,28.43,88.43
"207",1976,"Innsbruck, Austria","1000m Women","Leah Poulos-Mueller","USA","SILVER","1:28.57","01:28.57",574,60,28.57,88.57
"208",1976,"Innsbruck, Austria","1000m Women","Sheila Young","USA","BRONZE","1:29.14","01:29.14",574,60,29.14,89.14
"209",1976,"Innsbruck, Austria","1500m Women","Galina Stepanskaya","URS","GOLD","2:16.58","02:16.58",574,120,16.58,136.58
"210",1976,"Innsbruck, Austria","1500m Women","Sheila Young","USA","SILVER","2:17.06","02:17.06",574,120,17.06,137.06
"211",1976,"Innsbruck, Austria","1500m Women","Tatyana Averina","URS","BRONZE","2:17.96","02:17.96",574,120,17.96,137.96
"212",1976,"Innsbruck, Austria","3000m Women","Tatyana Averina","URS","GOLD","4:45.19","04:45.19",574,240,45.19,285.19
"213",1976,"Innsbruck, Austria","3000m Women","Andrea Schöne","GDR","SILVER","4:45.23","04:45.23",574,240,45.23,285.23
"214",1976,"Innsbruck, Austria","3000m Women","Lisbeth Korsmo-Berg","NOR","BRONZE","4:45.24","04:45.24",574,240,45.24,285.24
"215",1980,"Lake Placid, United States","500m Men","Eric Heiden","USA","GOLD","38.03","00:38.03",568,0,38.03,38.03
"216",1980,"Lake Placid, United States","500m Men","Yevgeny Kulikov","URS","SILVER","38.37","00:38.37",568,0,38.37,38.37
"217",1980,"Lake Placid, United States","500m Men","Lieuwe de Boer","NED","BRONZE","38.48","00:38.48",568,0,38.48,38.48
"218",1980,"Lake Placid, United States","1000m Men","Eric Heiden","USA","GOLD","1:15.18","1:15.18",568,60,15.18,75.18
"219",1980,"Lake Placid, United States","1000m Men","Gaétan Boucher","CAN","SILVER","1:16.68","1:16.68",568,60,16.68,76.68
"220",1980,"Lake Placid, United States","1000m Men","Vladimir Lobanov","URS","BRONZE","1:16.91","1:16.91",568,60,16.91,76.91
"221",1980,"Lake Placid, United States","1000m Men","Frode Rønning","NOR","BRONZE","1:16.91","1:16.91",568,60,16.91,76.91
"222",1980,"Lake Placid, United States","1500m Men","Eric Heiden","USA","GOLD","1:55.44","1:55.44",568,60,55.44,115.44
"223",1980,"Lake Placid, United States","1500m Men","Kay Arne Stenshjemmet","NOR","SILVER","1:56.81","1:56.81",568,60,56.81,116.81
"224",1980,"Lake Placid, United States","1500m Men","Terje Andersen","NOR","BRONZE","1:56.92","1:56.92",568,60,56.92,116.92
"225",1980,"Lake Placid, United States","5000m Men","Eric Heiden","USA","GOLD","7:02.29","7:02.29",568,420,2.29,422.29
"226",1980,"Lake Placid, United States","5000m Men","Kay Arne Stenshjemmet","NOR","SILVER","7:03.28","7:03.28",568,420,3.28,423.28
"227",1980,"Lake Placid, United States","5000m Men","Tom Erik Oxholm","NOR","BRONZE","7:05.59","7:05.59",568,420,5.59,425.59
"228",1980,"Lake Placid, United States","10000m Men","Eric Heiden","USA","GOLD","14:28.13","14:28.13",568,840,28.13,868.13
"229",1980,"Lake Placid, United States","10000m Men","Piet Kleine","NED","SILVER","14:36.03","14:36.03",568,840,36.03,876.03
"230",1980,"Lake Placid, United States","10000m Men","Tom Erik Oxholm","NOR","BRONZE","14:36.60","14:36.60",568,840,36.6,876.6
"231",1980,"Lake Placid, United States","500m Women","Karin Enke","GDR","GOLD","41.78","00:41.78",568,0,41.78,41.78
"232",1980,"Lake Placid, United States","500m Women","Leah Poulos-Mueller","USA","SILVER","42.26","00:42.26",568,0,42.26,42.26
"233",1980,"Lake Placid, United States","500m Women","Natalya Petruseva","URS","BRONZE","42.42","00:42.42",568,0,42.42,42.42
"234",1980,"Lake Placid, United States","1000m Women","Natalya Petruseva","URS","GOLD","1:24.10","1:24.10",568,60,24.1,84.1
"235",1980,"Lake Placid, United States","1000m Women","Leah Poulos-Mueller","USA","SILVER","1:25.41","1:25.41",568,60,25.41,85.41
"236",1980,"Lake Placid, United States","1000m Women","Silvia Albrecht","GDR","BRONZE","1:26.46","1:26.46",568,60,26.46,86.46
"237",1980,"Lake Placid, United States","1500m Women","Annie Borckink","NED","GOLD","2:10.95","2:10.95",568,120,10.95,130.95
"238",1980,"Lake Placid, United States","1500m Women","Ria Visser","NED","SILVER","2:12.35","2:12.35",568,120,12.35,132.35
"239",1980,"Lake Placid, United States","1500m Women","Sabine Becker","GDR","BRONZE","2:12.38","2:12.38",568,120,12.38,132.38
"240",1980,"Lake Placid, United States","3000m Women","Bjørg Eva Jensen","NOR","GOLD","4:32.13","4:32.13",568,240,32.13,272.13
"241",1980,"Lake Placid, United States","3000m Women","Sabine Becker","GDR","SILVER","4:32.79","4:32.79",568,240,32.79,272.79
"242",1980,"Lake Placid, United States","3000m Women","Beth Heiden","USA","BRONZE","4:33.77","4:33.77",568,240,33.77,273.77
"243",1984,"Sarajevo, Yugoslavia","500m Men","Sergey Fokichev","URS","GOLD","38.19","00:38.19",500,0,38.19,38.19
"244",1984,"Sarajevo, Yugoslavia","500m Men","Yoshihiro Kitazawa","JPN","SILVER","38.3","00:38.30",500,0,38.3,38.3
"245",1984,"Sarajevo, Yugoslavia","500m Men","Gaétan Boucher","CAN","BRONZE","38.39","00:38.90",500,0,38.9,38.9
"246",1984,"Sarajevo, Yugoslavia","1000m Men","Gaétan Boucher","CAN","GOLD","1:15.80","1:15.80",500,60,15.8,75.8
"247",1984,"Sarajevo, Yugoslavia","1000m Men","Sergey Khlebnikov","URS","SILVER","1:16.63","1:16.63",500,60,16.63,76.63
"248",1984,"Sarajevo, Yugoslavia","1000m Men","Kai Arne Engelstad","NOR","BRONZE","1:16.75","1:16.75",500,60,16.75,76.75
"249",1984,"Sarajevo, Yugoslavia","1500m Men","Gaétan Boucher","CAN","GOLD","1:58.36","1:58.36",500,60,58.36,118.36
"250",1984,"Sarajevo, Yugoslavia","1500m Men","Sergey Khlebnikov","URS","SILVER","1:58.83","1:58.83",500,60,58.83,118.83
"251",1984,"Sarajevo, Yugoslavia","1500m Men","Oleg Bozhyev","URS","BRONZE","1:58.89","1:58.89",500,60,58.89,118.89
"252",1984,"Sarajevo, Yugoslavia","5000m Men","Tomas Gustafsson","SWE","GOLD","7:12.28","7:12.28",500,420,12.28,432.28
"253",1984,"Sarajevo, Yugoslavia","5000m Men","Igor Malkov","URS","SILVER","7:12.30","7:12.30",500,420,12.3,432.3
"254",1984,"Sarajevo, Yugoslavia","5000m Men","René Schöfisch","GDR","BRONZE","7:17.49","7:17.49",500,420,17.49,437.49
"255",1984,"Sarajevo, Yugoslavia","10000m Men","Igor Malkov","URS","GOLD","14:39.90","14:39.90",500,840,39.9,879.9
"256",1984,"Sarajevo, Yugoslavia","10000m Men","Tomas Gustafsson","SWE","SILVER","14:39.95","14:39.95",500,840,39.95,879.95
"257",1984,"Sarajevo, Yugoslavia","10000m Men","René Schöfisch","GDR","BRONZE","14:46.91","14:46.91",500,840,46.91,886.91
"258",1984,"Sarajevo, Yugoslavia","500m Women","Christa Rothenburger","GDR","GOLD","41.02","00:41.02",500,0,41.02,41.02
"259",1984,"Sarajevo, Yugoslavia","500m Women","Karin Enke","GDR","SILVER","41.28","00:41.28",500,0,41.28,41.28
"260",1984,"Sarajevo, Yugoslavia","500m Women","Natalya Shive","URS","BRONZE","41.5","00:41.50",500,0,41.5,41.5
"261",1984,"Sarajevo, Yugoslavia","1000m Women","Karin Enke","GDR","GOLD","1:21.61","1:21.61",500,60,21.61,81.61
"262",1984,"Sarajevo, Yugoslavia","1000m Women","Andrea Schöne","GDR","SILVER","1:22.83","1:22.83",500,60,22.83,82.83
"263",1984,"Sarajevo, Yugoslavia","1000m Women","Natalya Petruseva","URS","BRONZE","1:23.21","1:23.21",500,60,23.21,83.21
"264",1984,"Sarajevo, Yugoslavia","1500m Women","Karin Enke","GDR","GOLD","2:03.42","2:03.42",500,120,3.42,123.42
"265",1984,"Sarajevo, Yugoslavia","1500m Women","Andrea Schöne","GDR","SILVER","2:05.29","2:05.29",500,120,5.29,125.29
"266",1984,"Sarajevo, Yugoslavia","1500m Women","Natalya Petruseva","URS","BRONZE","2:05.78","2:05.78",500,120,5.78,125.78
"267",1984,"Sarajevo, Yugoslavia","3000m Women","Andrea Schöne","GDR","GOLD","4:24.79","4:24.79",500,240,24.79,264.79
"268",1984,"Sarajevo, Yugoslavia","3000m Women","Karin Enke","GDR","SILVER","4:26.33","4:26.33",500,240,26.33,266.33
"269",1984,"Sarajevo, Yugoslavia","3000m Women","Gabi Zange-Schönbrunn","GDR","BRONZE","4:33.13","4:33.13",500,240,33.13,273.13
"270",1988,"Calgary, Canada","500m Men","Uwe-Jens Mey","GDR","GOLD","36.45","00:36.45",1048,0,36.45,36.45
"271",1988,"Calgary, Canada","500m Men","Jan Ykema","NED","SILVER","36.76","00:36.76",1048,0,36.76,36.76
"272",1988,"Calgary, Canada","500m Men","Akira Kuroiwa","JPN","BRONZE","36.77","00:36.77",1048,0,36.77,36.77
"273",1988,"Calgary, Canada","1000m Men","Nikolay Gulyaev","URS","GOLD","1:13.03","1:13.03",1048,60,13.03,73.03
"274",1988,"Calgary, Canada","1000m Men","Uwe-Jens Mey","GDR","SILVER","1:13.11","1:13.11",1048,60,13.11,73.11
"275",1988,"Calgary, Canada","1000m Men","Igor Zhelezovsky","URS","BRONZE","1:13.19","1:13.19",1048,60,13.19,73.19
"276",1988,"Calgary, Canada","1500m Men","André Hoffmann","GDR","GOLD","1:52.06","1:52.06",1048,60,52.06,112.06
"277",1988,"Calgary, Canada","1500m Men","Eric Flaim","USA","SILVER","1:52.12","1:52.12",1048,60,52.12,112.12
"278",1988,"Calgary, Canada","1500m Men","Michael Hadschieff","AUT","BRONZE","1:52.31","1:52.31",1048,60,52.31,112.31
"279",1988,"Calgary, Canada","5000m Men","Tomas Gustafsson","SWE","GOLD","6:44.63","6:44.63",1048,360,44.63,404.63
"280",1988,"Calgary, Canada","5000m Men","Leo Visser","NED","SILVER","6:44.98","6:44.98",1048,360,44.98,404.98
"281",1988,"Calgary, Canada","5000m Men","Gerard Kemkers","NED","BRONZE","6:45.92","6:45.92",1048,360,45.92,405.92
"282",1988,"Calgary, Canada","10000m Men","Tomas Gustafsson","SWE","GOLD","13:48.20","13:48.20",1048,780,48.2,828.2
"283",1988,"Calgary, Canada","10000m Men","Michael Hadschieff","AUT","SILVER","13:56.11","13:56.11",1048,780,56.11,836.11
"284",1988,"Calgary, Canada","10000m Men","Leo Visser","NED","BRONZE","14:00.55","14:00.55",1048,840,0.55,840.55
"285",1988,"Calgary, Canada","500m Women","Bonnie Blair","USA","GOLD","39.1","00:39.10",1048,0,39.1,39.1
"286",1988,"Calgary, Canada","500m Women","Christa Rothenburger","GDR","SILVER","39.12","00:39.12",1048,0,39.12,39.12
"287",1988,"Calgary, Canada","500m Women","Karin Enke","GDR","BRONZE","39.24","00:39.24",1048,0,39.24,39.24
"288",1988,"Calgary, Canada","1000m Women","Christa Rothenburger","GDR","GOLD","1:17.65","1:17.65",1048,60,17.65,77.65
"289",1988,"Calgary, Canada","1000m Women","Karin Enke","GDR","SILVER","1:17.70","1:17.70",1048,60,17.7,77.7
"290",1988,"Calgary, Canada","1000m Women","Bonnie Blair","USA","BRONZE","1:18.31","1:18.31",1048,60,18.31,78.31
"291",1988,"Calgary, Canada","1500m Women","Yvonne van Gennip","NED","GOLD","2:00.68","2:00.68",1048,120,0.68,120.68
"292",1988,"Calgary, Canada","1500m Women","Karin Enke","GDR","SILVER","2:00.82","2:00.82",1048,120,0.82,120.82
"293",1988,"Calgary, Canada","1500m Women","Andrea Schöne","GDR","BRONZE","2:01.49","2:01.49",1048,120,1.49,121.49
"294",1988,"Calgary, Canada","3000m Women","Yvonne van Gennip","NED","GOLD","4:11.94","4:11.94",1048,240,11.94,251.94
"295",1988,"Calgary, Canada","3000m Women","Andrea Schöne","GDR","SILVER","4:12.09","4:12.09",1048,240,12.09,252.09
"296",1988,"Calgary, Canada","3000m Women","Gabi Zange-Schönbrunn","GDR","BRONZE","4:16.92","4:16.92",1048,240,16.92,256.92
"297",1988,"Calgary, Canada","5000m Women","Yvonne van Gennip","NED","GOLD","7:14.13","7:14.13",1048,420,14.13,434.13
"298",1988,"Calgary, Canada","5000m Women","Andrea Schöne","GDR","SILVER","7:17.12","7:17.12",1048,420,17.12,437.12
"299",1988,"Calgary, Canada","5000m Women","Gabi Zange-Schönbrunn","GDR","BRONZE","7:21.61","7:21.61",1048,420,21.61,441.61
"300",1992,"Albertville, France","500m Men","Uwe-Jens Mey","GER","GOLD","37.14","00:37.14",352,0,37.14,37.14
"301",1992,"Albertville, France","500m Men","Toshiyuki Kuroiwa","JPN","SILVER","37.18","00:37.18",352,0,37.18,37.18
"302",1992,"Albertville, France","500m Men","Junichi Inoue","JPN","BRONZE","37.26","00:37.26",352,0,37.26,37.26
"303",1992,"Albertville, France","1000m Men","Olaf Zinke","GER","GOLD","1:14.85","1:14.85",352,60,14.85,74.85
"304",1992,"Albertville, France","1000m Men","Yoon-Man Kim","KOR","SILVER","1:14.86","1:14.86",352,60,14.86,74.86
"305",1992,"Albertville, France","1000m Men","Yukinori Miyabe","JPN","BRONZE","1:14.92","1:14.92",352,60,14.92,74.92
"306",1992,"Albertville, France","1500m Men","Johann Koss","NOR","GOLD","1:54.81","1:54.81",352,60,54.81,114.81
"307",1992,"Albertville, France","1500m Men","Ådne Søndrål","NOR","SILVER","1:54.85","1:54.85",352,60,54.85,114.85
"308",1992,"Albertville, France","1500m Men","Leo Visser","NED","BRONZE","1:54.90","1:54.90",352,60,54.9,114.9
"309",1992,"Albertville, France","5000m Men","Geir Karlstad","NOR","GOLD","6:59.97","6:59.97",352,360,59.97,419.97
"310",1992,"Albertville, France","5000m Men","Falko Zandstra","NED","SILVER","7:02.28","7:02.28",352,420,2.28,422.28
"311",1992,"Albertville, France","5000m Men","Leo Visser","NED","BRONZE","7:04.96","7:04.96",352,420,4.96,424.96
"312",1992,"Albertville, France","10000m Men","Bart Veldkamp","NED","GOLD","14:12.12","14:12.12",352,840,12.12,852.12
"313",1992,"Albertville, France","10000m Men","Johann Koss","NOR","SILVER","14:14.58","14:14.58",352,840,14.58,854.58
"314",1992,"Albertville, France","10000m Men","Geir Karlstad","NOR","BRONZE","14:18.13","14:18.13",352,840,18.13,858.13
"315",1992,"Albertville, France","500m Women","Bonnie Blair","USA","GOLD","40.33","00:40.33",352,0,40.33,40.33
"316",1992,"Albertville, France","500m Women","Qiaobo Ye","CHN","SILVER","40.51","00:40.51",352,0,40.51,40.51
"317",1992,"Albertville, France","500m Women","Christa Rothenburger","GER","BRONZE","40.57","00:40.57",352,0,40.57,40.57
"318",1992,"Albertville, France","1000m Women","Bonnie Blair","USA","GOLD","1:21.90","1:21.90",352,60,21.9,81.9
"319",1992,"Albertville, France","1000m Women","Qiaobo Ye","CHN","SILVER","1:21.92","1:21.92",352,60,21.92,81.92
"320",1992,"Albertville, France","1000m Women","Monique Garbrecht","GER","BRONZE","1:22.10","1:22.10",352,60,22.1,82.1
"321",1992,"Albertville, France","1500m Women","Jacqueline Börner","GER","GOLD","2:05.87","2:05.87",352,120,5.87,125.87
"322",1992,"Albertville, France","1500m Women","Gunda Niemann","GER","SILVER","2:05.92","2:05.92",352,120,5.92,125.92
"323",1992,"Albertville, France","1500m Women","Seiko Hashimoto","JPN","BRONZE","2:06.88","2:06.88",352,120,6.88,126.88
"324",1992,"Albertville, France","3000m Women","Gunda Niemann","GER","GOLD","4:19.90","4:19.90",352,240,19.9,259.9
"325",1992,"Albertville, France","3000m Women","Heike Warnicke","GER","SILVER","4:22.88","4:22.88",352,240,22.88,262.88
"326",1992,"Albertville, France","3000m Women","Emese Hunyady","AUT","BRONZE","4:24.64","4:24.64",352,240,24.64,264.64
"327",1992,"Albertville, France","5000m Women","Gunda Niemann","GER","GOLD","7:31.57","7:31.57",352,420,31.57,451.57
"328",1992,"Albertville, France","5000m Women","Heike Warnicke","GER","SILVER","7:37.59","7:37.59",352,420,37.59,457.59
"329",1992,"Albertville, France","5000m Women","Claudia Pechstein","GER","BRONZE","7:39.80","7:39.80",352,420,39.8,459.8
"330",1992,"Albertville, France","1000m Short Track Men","Ki-Hoon Kim","KOR","GOLD","1:30.76","1:30.76",352,60,30.76,90.76
"331",1992,"Albertville, France","1000m Short Track Men","Frédéric Blackburn","CAN","SILVER","1:31.11","1:31.11",352,60,31.11,91.11
"332",1992,"Albertville, France","1000m Short Track Men","Joon-Ho Lee","KOR","BRONZE","1:31.16","1:31.16",352,60,31.16,91.16
"333",1992,"Albertville, France","5000m Short Track Relay Men","Joon-Ho Lee","KOR","GOLD","7:14.02","7:14.02",352,420,14.02,434.02
"334",1992,"Albertville, France","5000m Short Track Relay Men","Ji-Su Mo","KOR","GOLD","7:14.02","7:14.02",352,420,14.02,434.02
"335",1992,"Albertville, France","5000m Short Track Relay Men","Ki-Hoon Kim","KOR","GOLD","7:14.02","7:14.02",352,420,14.02,434.02
"336",1992,"Albertville, France","5000m Short Track Relay Men","Jae-Kun Song","KOR","GOLD","7:14.02","7:14.02",352,420,14.02,434.02
"337",1992,"Albertville, France","5000m Short Track Relay Men","Sylvain Gagnon","CAN","SILVER","7:14.06","7:14.06",352,420,14.06,434.06
"338",1992,"Albertville, France","5000m Short Track Relay Men","Marck Lackie","CAN","SILVER","7:14.06","7:14.06",352,420,14.06,434.06
"339",1992,"Albertville, France","5000m Short Track Relay Men","Frédéric Blackburn","CAN","SILVER","7:14.06","7:14.06",352,420,14.06,434.06
"340",1992,"Albertville, France","5000m Short Track Relay Men","Michel Daignault","CAN","SILVER","7:14.06","7:14.06",352,420,14.06,434.06
"341",1992,"Albertville, France","5000m Short Track Relay Men","Yuichi Akasaka","JPN","BRONZE","7:18.18","7:18.18",352,420,18.18,438.18
"342",1992,"Albertville, France","5000m Short Track Relay Men","Tatsuyoshi Ishihara","JPN","BRONZE","7:18.18","7:18.18",352,420,18.18,438.18
"343",1992,"Albertville, France","5000m Short Track Relay Men","Toshinobu Kawai","JPN","BRONZE","7:18.18","7:18.18",352,420,18.18,438.18
"344",1992,"Albertville, France","5000m Short Track Relay Men","Tsutomu Kawasaki","JPN","BRONZE","7:18.18","7:18.18",352,420,18.18,438.18
"345",1992,"Albertville, France","500m Short Track Women","Cathy Turner","USA","GOLD","47.04","00:47.04",352,0,47.04,47.04
"346",1992,"Albertville, France","500m Short Track Women","Yan Li","CHN","SILVER","47.08","00:47.08",352,0,47.08,47.08
"347",1992,"Albertville, France","500m Short Track Women","Ok-Sil Hwang","PRK","BRONZE","47.23","00:47.23",352,0,47.23,47.23
"348",1992,"Albertville, France","3000m Short Track Relay Women","Angela Cutrone","CAN","GOLD","4:36.62","4:36.62",352,240,36.62,276.62
"349",1992,"Albertville, France","3000m Short Track Relay Women","Sylvie Daigle","CAN","GOLD","4:36.62","4:36.62",352,240,36.62,276.62
"350",1992,"Albertville, France","3000m Short Track Relay Women","Nathalie Lambert","CAN","GOLD","4:36.62","4:36.62",352,240,36.62,276.62
"351",1992,"Albertville, France","3000m Short Track Relay Women","Annie Perreault","CAN","GOLD","4:36.62","4:36.62",352,240,36.62,276.62
"352",1992,"Albertville, France","3000m Short Track Relay Women","Amy Peterson","USA","SILVER","4:37.85","4:37.85",352,240,37.85,277.85
"353",1992,"Albertville, France","3000m Short Track Relay Women","Cathy Turner","USA","SILVER","4:37.85","4:37.85",352,240,37.85,277.85
"354",1992,"Albertville, France","3000m Short Track Relay Women","Nikki Ziegelmeyer","USA","SILVER","4:37.85","4:37.85",352,240,37.85,277.85
"355",1992,"Albertville, France","3000m Short Track Relay Women","Darcie Dohnal","USA","SILVER","4:37.85","4:37.85",352,240,37.85,277.85
"356",1992,"Albertville, France","3000m Short Track Relay Women","Natalya Isakova","URS","BRONZE","4:42.69","4:42.69",352,240,42.69,282.69
"357",1992,"Albertville, France","3000m Short Track Relay Women","Yuliya Allagulova","URS","BRONZE","4:42.69","4:42.69",352,240,42.69,282.69
"358",1992,"Albertville, France","3000m Short Track Relay Women","Viktoriya Taranina","URS","BRONZE","4:42.69","4:42.69",352,240,42.69,282.69
"359",1992,"Albertville, France","3000m Short Track Relay Women","Yuliya Vlasova","URS","BRONZE","4:42.69","4:42.69",352,240,42.69,282.69
"360",1994,"Lillehammer, Norway","500m Men","Aleksandr Golubev","RUS","GOLD","36.33","00:36.33",180,0,36.33,36.33
"361",1994,"Lillehammer, Norway","500m Men","Sergey Klevchenya","RUS","SILVER","36.39","00:36.39",180,0,36.39,36.39
"362",1994,"Lillehammer, Norway","500m Men","Manabu Horii","JPN","BRONZE","36.53","00:36.53",180,0,36.53,36.53
"363",1994,"Lillehammer, Norway","1000m Men","Dan Jansen","USA","GOLD","1:12.43","1:12.43",180,60,12.43,72.43
"364",1994,"Lillehammer, Norway","1000m Men","Igor Zhelezovsky","BLR","SILVER","1:12.72","1:12.72",180,60,12.72,72.72
"365",1994,"Lillehammer, Norway","1000m Men","Sergey Klevchenya","RUS","BRONZE","1:12.85","1:12.85",180,60,12.85,72.85
"366",1994,"Lillehammer, Norway","1500m Men","Johann Koss","NOR","GOLD","1:51.29","1:51.29",180,60,51.29,111.29
"367",1994,"Lillehammer, Norway","1500m Men","Rintje Ritsma","NED","SILVER","1:51.99","1:51.99",180,60,51.99,111.99
"368",1994,"Lillehammer, Norway","1500m Men","Falko Zandstra","NED","BRONZE","1:52.38","1:52.38",180,60,52.38,112.38
"369",1994,"Lillehammer, Norway","5000m Men","Johann Koss","NOR","GOLD","6:34.96","6:34.96",180,360,34.96,394.96
"370",1994,"Lillehammer, Norway","5000m Men","Kjell Storelid","NOR","SILVER","6:42.68","6:42.68",180,360,42.68,402.68
"371",1994,"Lillehammer, Norway","5000m Men","Rintje Ritsma","NED","BRONZE","6:43.94","6:43.94",180,360,43.94,403.94
"372",1994,"Lillehammer, Norway","10000m Men","Johann Koss","NOR","GOLD","13:30.55","13:30.55",180,780,30.55,810.55
"373",1994,"Lillehammer, Norway","10000m Men","Kjell Storelid","NOR","SILVER","13:49.25","13:49.25",180,780,49.25,829.25
"374",1994,"Lillehammer, Norway","10000m Men","Bart Veldkamp","NED","BRONZE","13:56.73","13:56.73",180,780,56.73,836.73
"375",1994,"Lillehammer, Norway","500m Women","Bonnie Blair","USA","GOLD","39.25","00:39.25",180,0,39.25,39.25
"376",1994,"Lillehammer, Norway","500m Women","Susan Auch","CAN","SILVER","39.61","00:39.61",180,0,39.61,39.61
"377",1994,"Lillehammer, Norway","500m Women","Franziska Schenk","GER","BRONZE","39.7","00:39.70",180,0,39.7,39.7
"378",1994,"Lillehammer, Norway","1000m Women","Bonnie Blair","USA","GOLD","1:18.74","1:18.74",180,60,18.74,78.74
"379",1994,"Lillehammer, Norway","1000m Women","Anke Baier-Loef","GER","SILVER","1:20.12","1:20.12",180,60,20.12,80.12
"380",1994,"Lillehammer, Norway","1000m Women","Qiaobo Ye","CHN","BRONZE","1:20.22","1:20.22",180,60,20.22,80.22
"381",1994,"Lillehammer, Norway","1500m Women","Emese Hunyady","AUT","GOLD","2:02.19","2:02.19",180,120,2.19,122.19
"382",1994,"Lillehammer, Norway","1500m Women","Svetlana Fedotkina","RUS","SILVER","2:02.69","2:02.69",180,120,2.69,122.69
"383",1994,"Lillehammer, Norway","1500m Women","Gunda Niemann","GER","BRONZE","2:03.41","2:03.41",180,120,3.41,123.41
"384",1994,"Lillehammer, Norway","3000m Women","Svetlana Bashanova","RUS","GOLD","4:17.43","4:17.43",180,240,17.43,257.43
"385",1994,"Lillehammer, Norway","3000m Women","Emese Hunyady","AUT","SILVER","4:18.14","4:18.14",180,240,18.14,258.14
"386",1994,"Lillehammer, Norway","3000m Women","Claudia Pechstein","GER","BRONZE","4:18.34","4:18.34",180,240,18.34,258.34
"387",1994,"Lillehammer, Norway","5000m Women","Claudia Pechstein","GER","GOLD","7:14.37","7:14.37",180,420,14.37,434.37
"388",1994,"Lillehammer, Norway","5000m Women","Gunda Niemann","GER","SILVER","7:14.88","7:14.88",180,420,14.88,434.88
"389",1994,"Lillehammer, Norway","5000m Women","Hiromi Yamamoto","JPN","BRONZE","7:19.68","7:19.68",180,420,19.68,439.68
"390",1994,"Lillehammer, Norway","500m Short Track Men","Ji-Hoon Chae","KOR","GOLD","43.45","00:43.45",180,0,43.45,43.45
"391",1994,"Lillehammer, Norway","500m Short Track Men","Mirko Vuillermin","ITA","SILVER","43.47","00:43.47",180,0,43.47,43.47
"392",1994,"Lillehammer, Norway","500m Short Track Men","Nicholas Gooch","GBR","BRONZE","43.68","00:43.68",180,0,43.68,43.68
"393",1994,"Lillehammer, Norway","1000m Short Track Men","Ki-Hoon Kim","KOR","GOLD","1:34.57","1:34.57",180,60,34.57,94.57
"394",1994,"Lillehammer, Norway","1000m Short Track Men","Ji-Hoon Chae","KOR","SILVER","1:34.92","1:34.92",180,60,34.92,94.92
"395",1994,"Lillehammer, Norway","1000m Short Track Men","Marc Gagnon","CAN","BRONZE","1:33.03","1:33.03",180,60,33.03,93.03
"396",1994,"Lillehammer, Norway","5000m Short Track Relay Men","Orazio Fagone","ITA","GOLD","7:11.74","7:11.74",180,420,11.74,431.74
"397",1994,"Lillehammer, Norway","5000m Short Track Relay Men","Hugo Herrnhof","ITA","GOLD","7:11.74","7:11.74",180,420,11.74,431.74
"398",1994,"Lillehammer, Norway","5000m Short Track Relay Men","Maurizio Carnino","ITA","GOLD","7:11.74","7:11.74",180,420,11.74,431.74
"399",1994,"Lillehammer, Norway","5000m Short Track Relay Men","Mirko Vuillermin","ITA","GOLD","7:11.74","7:11.74",180,420,11.74,431.74
"400",1994,"Lillehammer, Norway","5000m Short Track Relay Men","Randall Bartz","USA","SILVER","7:13.68","7:13.68",180,420,13.68,433.68
"401",1994,"Lillehammer, Norway","5000m Short Track Relay Men","Eric Flaim","USA","SILVER","7:13.68","7:13.68",180,420,13.68,433.68
"402",1994,"Lillehammer, Norway","5000m Short Track Relay Men","Andrew Gabel","USA","SILVER","7:13.68","7:13.68",180,420,13.68,433.68
"403",1994,"Lillehammer, Norway","5000m Short Track Relay Men","John Coyle","USA","SILVER","7:13.68","7:13.68",180,420,13.68,433.68
"404",1994,"Lillehammer, Norway","5000m Short Track Relay Men","Steven Bradbury","AUS","BRONZE","7:13.68","7:13.68",180,420,13.68,433.68
"405",1994,"Lillehammer, Norway","5000m Short Track Relay Men","Andrew Murtha","AUS","BRONZE","7:13.68","7:13.68",180,420,13.68,433.68
"406",1994,"Lillehammer, Norway","5000m Short Track Relay Men","Kieran Hansen","AUS","BRONZE","7:13.68","7:13.68",180,420,13.68,433.68
"407",1994,"Lillehammer, Norway","5000m Short Track Relay Men","Richard Nizielski","AUS","BRONZE","7:13.68","7:13.68",180,420,13.68,433.68
"408",1994,"Lillehammer, Norway","500m Short Track Women","Cathy Turner","USA","GOLD","45.98","00:45.98",180,0,45.98,45.98
"409",1994,"Lillehammer, Norway","500m Short Track Women","Yanmei Zhang","CHN","SILVER","46.44","00:46.44",180,0,46.44,46.44
"410",1994,"Lillehammer, Norway","500m Short Track Women","Amy Peterson","USA","BRONZE","46.76","00:46.76",180,0,46.76,46.76
"411",1994,"Lillehammer, Norway","1000m Short Track Women","Lee-Kyung Chun","KOR","GOLD","1:36.87","1:36.87",180,60,36.87,96.87
"412",1994,"Lillehammer, Norway","1000m Short Track Women","Nathalie Lambert","CAN","SILVER","1:36.97","1:36.97",180,60,36.97,96.97
"413",1994,"Lillehammer, Norway","1000m Short Track Women","So-Hee Kim","KOR","BRONZE","1:37.09","1:37.09",180,60,37.09,97.09
"414",1994,"Lillehammer, Norway","3000m Short Track Relay Women","So-Hee Kim","KOR","GOLD","4:26.64","4:26.64",180,240,26.64,266.64
"415",1994,"Lillehammer, Norway","3000m Short Track Relay Women","Yoon-Mi Kim","KOR","GOLD","4:26.64","4:26.64",180,240,26.64,266.64
"416",1994,"Lillehammer, Norway","3000m Short Track Relay Women","Lee-Kyung Chun","KOR","GOLD","4:26.64","4:26.64",180,240,26.64,266.64
"417",1994,"Lillehammer, Norway","3000m Short Track Relay Women","Hye-Kyung Won","KOR","GOLD","4:26.64","4:26.64",180,240,26.64,266.64
"418",1994,"Lillehammer, Norway","3000m Short Track Relay Women","Isabelle Charest","CAN","SILVER","4:32.04","4:32.04",180,240,32.04,272.04
"419",1994,"Lillehammer, Norway","3000m Short Track Relay Women","Sylvie Daigle","CAN","SILVER","4:32.04","4:32.04",180,240,32.04,272.04
"420",1994,"Lillehammer, Norway","3000m Short Track Relay Women","Christine Boudrias","CAN","SILVER","4:32.04","4:32.04",180,240,32.04,272.04
"421",1994,"Lillehammer, Norway","3000m Short Track Relay Women","Nathalie Lambert","CAN","SILVER","4:32.04","4:32.04",180,240,32.04,272.04
"422",1994,"Lillehammer, Norway","3000m Short Track Relay Women","Karen Cashman","USA","BRONZE","4:39.34","4:39.34",180,240,39.34,279.34
"423",1994,"Lillehammer, Norway","3000m Short Track Relay Women","Cathy Turner","USA","BRONZE","4:39.34","4:39.34",180,240,39.34,279.34
"424",1994,"Lillehammer, Norway","3000m Short Track Relay Women","Amy Peterson","USA","BRONZE","4:39.34","4:39.34",180,240,39.34,279.34
"425",1994,"Lillehammer, Norway","3000m Short Track Relay Women","Nikki Ziegelmeyer","USA","BRONZE","4:39.34","4:39.34",180,240,39.34,279.34
"426",1998,"Nagano, Japan","500m Men","Hiroyasu Shimizu","JPN","GOLD","1:11.35","1:11.35",300,60,11.35,71.35
"427",1998,"Nagano, Japan","500m Men","Jeremy Wotherspoon","CAN","SILVER","1:11.84","1:11.84",300,60,11.84,71.84
"428",1998,"Nagano, Japan","500m Men","Kevin Overland","CAN","BRONZE","1:11.86","1:11.86",300,60,11.86,71.86
"429",1998,"Nagano, Japan","1000m Men","Ids Postma","NED","GOLD","1:10.64","1:10.64",300,60,10.64,70.64
"430",1998,"Nagano, Japan","1000m Men","Jan Bos","NED","SILVER","1:10.71","1:10.71",300,60,10.71,70.71
"431",1998,"Nagano, Japan","1000m Men","Hiroyasu Shimizu","JPN","BRONZE","1:11.00","1:11.00",300,60,11,71
"432",1998,"Nagano, Japan","1500m Men","Ådne Søndrål","NOR","GOLD","1:47.87","1:47.87",300,60,47.87,107.87
"433",1998,"Nagano, Japan","1500m Men","Ids Postma","NED","SILVER","1:48.13","1:48.13",300,60,48.13,108.13
"434",1998,"Nagano, Japan","1500m Men","Rintje Ritsma","NED","BRONZE","1:48.52","1:48.52",300,60,48.52,108.52
"435",1998,"Nagano, Japan","5000m Men","Gianni Romme","NED","GOLD","6:22.20","6:22.20",300,360,22.2,382.2
"436",1998,"Nagano, Japan","5000m Men","Rintje Ritsma","NED","SILVER","6:28.24","6:28.24",300,360,28.24,388.24
"437",1998,"Nagano, Japan","5000m Men","Bart Veldkamp","BEL","BRONZE","6:28.31","6:28.31",300,360,28.31,388.31
"438",1998,"Nagano, Japan","10000m Men","Gianni Romme","NED","GOLD","13:15.33","13:15.33",300,780,15.33,795.33
"439",1998,"Nagano, Japan","10000m Men","Bob de Jong","NED","SILVER","13:25.76","13:25.76",300,780,25.76,805.76
"440",1998,"Nagano, Japan","10000m Men","Rintje Ritsma","NED","BRONZE","13:28.19","13:28.19",300,780,28.19,808.19
"441",1998,"Nagano, Japan","500m Women","Catriona Lemay-Doan","CAN","GOLD","1:16.60","1:16.60",300,60,16.6,76.6
"442",1998,"Nagano, Japan","500m Women","Susan Auch","CAN","SILVER","1:16.93","1:16.93",300,60,16.93,76.93
"443",1998,"Nagano, Japan","500m Women","Tomomi Okazaki","JPN","BRONZE","1:17.10","1:17.10",300,60,17.1,77.1
"444",1998,"Nagano, Japan","1000m Women","Marianne Timmer","NED","GOLD","1:16.51","1:16.51",300,60,16.51,76.51
"445",1998,"Nagano, Japan","1000m Women","Christine Witty","USA","SILVER","1:16.79","1:16.79",300,60,16.79,76.79
"446",1998,"Nagano, Japan","1000m Women","Catriona Lemay-Doan","CAN","BRONZE","1:17.37","1:17.37",300,60,17.37,77.37
"447",1998,"Nagano, Japan","1500m Women","Marianne Timmer","NED","GOLD","1:57.58","1:57.58",300,60,57.58,117.58
"448",1998,"Nagano, Japan","1500m Women","Gunda Niemann","GER","SILVER","1:58.66","1:58.66",300,60,58.66,118.66
"449",1998,"Nagano, Japan","1500m Women","Christine Witty","USA","BRONZE","1:58.97","1:58.97",300,60,58.97,118.97
"450",1998,"Nagano, Japan","3000m Women","Gunda Niemann","GER","GOLD","4:07.29","4:07.29",300,240,7.29,247.29
"451",1998,"Nagano, Japan","3000m Women","Claudia Pechstein","GER","SILVER","4:08.47","4:08.47",300,240,8.47,248.47
"452",1998,"Nagano, Japan","3000m Women","Anna Friesinger","GER","BRONZE","4:09.44","4:09.44",300,240,9.44,249.44
"453",1998,"Nagano, Japan","5000m Women","Claudia Pechstein","GER","GOLD","6:59.61","6:59.61",300,360,59.61,419.61
"454",1998,"Nagano, Japan","5000m Women","Gunda Niemann","GER","SILVER","6:59.65","6:59.65",300,360,59.65,419.65
"455",1998,"Nagano, Japan","5000m Women","Lyudmila Prokasheva","KAZ","BRONZE","7:11.14","7:11.14",300,420,11.14,431.14
"456",1998,"Nagano, Japan","500m Short Track Men","Takafumi Nishitani","JPN","GOLD","42.862","00:42.862",300,0,42.862,42.862
"457",1998,"Nagano, Japan","500m Short Track Men","Yulong An","CHN","SILVER","43.022","00:43.022",300,0,43.022,43.022
"458",1998,"Nagano, Japan","500m Short Track Men","Hitoshi Uematsu","JPN","BRONZE","43.713","00:43.713",300,0,43.713,43.713
"459",1998,"Nagano, Japan","1000m Short Track Men","Dong-Sung Kim","KOR","GOLD","1:32.375","1:32.375",300,60,32.375,92.375
"460",1998,"Nagano, Japan","1000m Short Track Men","Jiajun Li","CHN","SILVER","1:32.428","1:32.428",300,60,32.428,92.428
"461",1998,"Nagano, Japan","1000m Short Track Men","Éric Bédard","CAN","BRONZE","1:32.661","1:32.661",300,60,32.661,92.661
"462",1998,"Nagano, Japan","5000m Short Track Relay Men","Éric Bédard","CAN","GOLD","7:06.075","7:06.075",300,420,6.075,426.075
"463",1998,"Nagano, Japan","5000m Short Track Relay Men","Derrick Campbell","CAN","GOLD","7:06.075","7:06.075",300,420,6.075,426.075
"464",1998,"Nagano, Japan","5000m Short Track Relay Men","Marc Gagnon","CAN","GOLD","7:06.075","7:06.075",300,420,6.075,426.075
"465",1998,"Nagano, Japan","5000m Short Track Relay Men","Francois Drolet","CAN","GOLD","7:06.075","7:06.075",300,420,6.075,426.075
"466",1998,"Nagano, Japan","5000m Short Track Relay Men","Dong-Sung Kim","KOR","SILVER","7:06.776","7:06.776",300,420,6.776,426.776
"467",1998,"Nagano, Japan","5000m Short Track Relay Men","Ji-Hoon Chae","KOR","SILVER","7:06.776","7:06.776",300,420,6.776,426.776
"468",1998,"Nagano, Japan","5000m Short Track Relay Men","Ho-Eung Lee","KOR","SILVER","7:06.776","7:06.776",300,420,6.776,426.776
"469",1998,"Nagano, Japan","5000m Short Track Relay Men","Jun-Hwan Lee","KOR","SILVER","7:06.776","7:06.776",300,420,6.776,426.776
"470",1998,"Nagano, Japan","5000m Short Track Relay Men","Jiajun Li","CHN","BRONZE","7:11.559","7:11.559",300,420,11.559,431.559
"471",1998,"Nagano, Japan","5000m Short Track Relay Men","Yulong An","CHN","BRONZE","7:11.559","7:11.559",300,420,11.559,431.559
"472",1998,"Nagano, Japan","5000m Short Track Relay Men","Kai Feng","CHN","BRONZE","7:11.559","7:11.559",300,420,11.559,431.559
"473",1998,"Nagano, Japan","5000m Short Track Relay Men","Ye Yuan","CHN","BRONZE","7:11.559","7:11.559",300,420,11.559,431.559
"474",1998,"Nagano, Japan","500m Short Track Women","Annie Perreault","CAN","GOLD","46.568","00:46.568",300,0,46.568,46.568
"475",1998,"Nagano, Japan","500m Short Track Women","Yang (S) Yang","CHN","SILVER","46.627","00:46.627",300,0,46.627,46.627
"476",1998,"Nagano, Japan","500m Short Track Women","Lee-Kyung Chun","KOR","BRONZE","46.335","00:46.335",300,0,46.335,46.335
"477",1998,"Nagano, Japan","1000m Short Track Women","Lee-Kyung Chun","KOR","GOLD","1:42.776","1:42.776",300,60,42.776,102.776
"478",1998,"Nagano, Japan","1000m Short Track Women","Yang (S) Yang","CHN","SILVER","1:43.343","1:43.343",300,60,43.343,103.343
"479",1998,"Nagano, Japan","1000m Short Track Women","Hye-Kyung Won","KOR","BRONZE","1:43.361","1:43.361",300,60,43.361,103.361
"480",1998,"Nagano, Japan","3000m Short Track Relay Women","Hye-Kyung Won","KOR","GOLD","4:16.260","4:16.260",300,240,16.26,256.26
"481",1998,"Nagano, Japan","3000m Short Track Relay Women","Lee-Kyung Chun","KOR","GOLD","4:16.260","4:16.260",300,240,16.26,256.26
"482",1998,"Nagano, Japan","3000m Short Track Relay Women","Yoon-Mi Kim","KOR","GOLD","4:16.260","4:16.260",300,240,16.26,256.26
"483",1998,"Nagano, Japan","3000m Short Track Relay Women","Sang-Me An","KOR","GOLD","4:16.260","4:16.260",300,240,16.26,256.26
"484",1998,"Nagano, Japan","3000m Short Track Relay Women","Dandan Sun","CHN","SILVER","4:16.383","4:16.383",300,240,16.383,256.383
"485",1998,"Nagano, Japan","3000m Short Track Relay Women","Yang (S) Yang","CHN","SILVER","4:16.383","4:16.383",300,240,16.383,256.383
"486",1998,"Nagano, Japan","3000m Short Track Relay Women","Yang (A) Yang","CHN","SILVER","4:16.383","4:16.383",300,240,16.383,256.383
"487",1998,"Nagano, Japan","3000m Short Track Relay Women","Chunlu Wang","CHN","SILVER","4:16.383","4:16.383",300,240,16.383,256.383
"488",1998,"Nagano, Japan","3000m Short Track Relay Women","Tania Vicent","CAN","BRONZE","4:21.205","4:21.205",300,240,21.205,261.205
"489",1998,"Nagano, Japan","3000m Short Track Relay Women","Annie Perreault","CAN","BRONZE","4:21.205","4:21.205",300,240,21.205,261.205
"490",1998,"Nagano, Japan","3000m Short Track Relay Women","Isabelle Charest","CAN","BRONZE","4:21.205","4:21.205",300,240,21.205,261.205
"491",1998,"Nagano, Japan","3000m Short Track Relay Women","Christine Boudrias","CAN","BRONZE","4:21.205","4:21.205",300,240,21.205,261.205
"492",2002,"Salt Lake City, United States","500m Men","Casey FitzRandolph","USA","GOLD","69.23","00:69.23",1320,0,69.23,69.23
"493",2002,"Salt Lake City, United States","500m Men","Hiroyasu Shimizu","JPN","SILVER","69.26","00:69.26",1320,0,69.26,69.26
"494",2002,"Salt Lake City, United States","500m Men","Kip Carpenter","USA","BRONZE","69.47","00:69.47",1320,0,69.47,69.47
"495",2002,"Salt Lake City, United States","1000m Men","Gerard van Velde","NED","GOLD","1:07.18","1:07.18",1320,60,7.18,67.18
"496",2002,"Salt Lake City, United States","1000m Men","Jan Bos","NED","SILVER","1:07.53","1:07.53",1320,60,7.53,67.53
"497",2002,"Salt Lake City, United States","1000m Men","Joey Cheek","USA","BRONZE","1:07.61","1:07.61",1320,60,7.61,67.61
"498",2002,"Salt Lake City, United States","1500m Men","Derek Parra","USA","GOLD","1:43.95","1:43.95",1320,60,43.95,103.95
"499",2002,"Salt Lake City, United States","1500m Men","Jochem Uytdehaage","NED","SILVER","1:44.57","1:44.57",1320,60,44.57,104.57
"500",2002,"Salt Lake City, United States","1500m Men","Ådne Søndrål","NOR","BRONZE","1:45.26","1:45.26",1320,60,45.26,105.26
"501",2002,"Salt Lake City, United States","5000m Men","Jochem Uytdehaage","NED","GOLD","6:14.66","6:14.66",1320,360,14.66,374.66
"502",2002,"Salt Lake City, United States","5000m Men","Derek Parra","USA","SILVER","6:17.98","6:17.98",1320,360,17.98,377.98
"503",2002,"Salt Lake City, United States","5000m Men","Jens Boden","GER","BRONZE","6:21.73","6:21.73",1320,360,21.73,381.73
"504",2002,"Salt Lake City, United States","10000m Men","Jochem Uytdehaage","NED","GOLD","12:58.92","12:58.92",1320,720,58.92,778.92
"505",2002,"Salt Lake City, United States","10000m Men","Gianni Romme","NED","SILVER","13:10.03","13:10.03",1320,780,10.03,790.03
"506",2002,"Salt Lake City, United States","10000m Men","Lasse Sätre","NOR","BRONZE","13:16.92","13:16.92",1320,780,16.92,796.92
"507",2002,"Salt Lake City, United States","500m Women","Catriona Lemay-Doan","CAN","GOLD","1:14.75","1:14.75",1320,60,14.75,74.75
"508",2002,"Salt Lake City, United States","500m Women","Monique Garbrecht","GER","SILVER","1:14.94","1:14.94",1320,60,14.94,74.94
"509",2002,"Salt Lake City, United States","500m Women","Sabine Völker","GER","BRONZE","1:15.19","1:15.19",1320,60,15.19,75.19
"510",2002,"Salt Lake City, United States","1000m Women","Christine Witty","USA","GOLD","1:13.83","1:13.83",1320,60,13.83,73.83
"511",2002,"Salt Lake City, United States","1000m Women","Sabine Völker","GER","SILVER","1:13.96","1:13.96",1320,60,13.96,73.96
"512",2002,"Salt Lake City, United States","1000m Women","Jennifer Rodriguez","USA","BRONZE","1:14.24","1:14.24",1320,60,14.24,74.24
"513",2002,"Salt Lake City, United States","1500m Women","Anna Friesinger","GER","GOLD","1:54.02","1:54.02",1320,60,54.02,114.02
"514",2002,"Salt Lake City, United States","1500m Women","Sabine Völker","GER","SILVER","1:54.97","1:54.97",1320,60,54.97,114.97
"515",2002,"Salt Lake City, United States","1500m Women","Jennifer Rodriguez","USA","BRONZE","1:55.32","1:55.32",1320,60,55.32,115.32
"516",2002,"Salt Lake City, United States","3000m Women","Claudia Pechstein","GER","GOLD","3:57.70","3:57.70",1320,180,57.7,237.7
"517",2002,"Salt Lake City, United States","3000m Women","Renate Groenevold","NED","SILVER","3:58.94","3:58.94",1320,180,58.94,238.94
"518",2002,"Salt Lake City, United States","3000m Women","Cindy Klassen","CAN","BRONZE","3:58.97","3:58.97",1320,180,58.97,238.97
"519",2002,"Salt Lake City, United States","5000m Women","Claudia Pechstein","GER","GOLD","6:46.91","6:46.91",1320,360,46.91,406.91
"520",2002,"Salt Lake City, United States","5000m Women","Greta Smit","NED","SILVER","6:49.22","6:49.22",1320,360,49.22,409.22
"521",2002,"Salt Lake City, United States","5000m Women","Clara Hughes","CAN","BRONZE","6:53.53","6:53.53",1320,360,53.53,413.53
"522",2002,"Salt Lake City, United States","500m Short Track Men","Marc Gagnon","CAN","GOLD","41.802","00:41.802",1320,0,41.802,41.802
"523",2002,"Salt Lake City, United States","500m Short Track Men","Jonathan Guilmette","CAN","SILVER","41.994","00:41.994",1320,0,41.994,41.994
"524",2002,"Salt Lake City, United States","500m Short Track Men","Rusty Smith","USA","BRONZE","42.027","00:42.027",1320,0,42.027,42.027
"525",2002,"Salt Lake City, United States","1000m Short Track Men","Steven Bradbury","AUS","GOLD","1:29.109","1:29.109",1320,60,29.109,89.109
"526",2002,"Salt Lake City, United States","1000m Short Track Men","Apolo Anton Ohno","USA","SILVER","1:30.160","1:30.160",1320,60,30.16,90.16
"527",2002,"Salt Lake City, United States","1000m Short Track Men","Mathieu Turcotte","CAN","BRONZE","1:30.563","1:30.563",1320,60,30.563,90.563
"528",2002,"Salt Lake City, United States","5000m Short Track Relay Men","Mathieu Turcotte","CAN","GOLD","6:51.579","6:51.579",1320,360,51.579,411.579
"529",2002,"Salt Lake City, United States","5000m Short Track Relay Men","Francois-Louis Tremblay","CAN","GOLD","6:51.579","6:51.579",1320,360,51.579,411.579
"530",2002,"Salt Lake City, United States","5000m Short Track Relay Men","Jonathan Guilmette","CAN","GOLD","6:51.579","6:51.579",1320,360,51.579,411.579
"531",2002,"Salt Lake City, United States","5000m Short Track Relay Men","Marc Gagnon","CAN","GOLD","6:51.579","6:51.579",1320,360,51.579,411.579
"532",2002,"Salt Lake City, United States","5000m Short Track Relay Men","Nicola Franceschina","ITA","SILVER","6:56.327","6:56.327",1320,360,56.327,416.327
"533",2002,"Salt Lake City, United States","5000m Short Track Relay Men","Maurizio Carnino","ITA","SILVER","6:56.327","6:56.327",1320,360,56.327,416.327
"534",2002,"Salt Lake City, United States","5000m Short Track Relay Men","Fabio Carta","ITA","SILVER","6:56.327","6:56.327",1320,360,56.327,416.327
"535",2002,"Salt Lake City, United States","5000m Short Track Relay Men","Nicola Rodigari","ITA","SILVER","6:56.327","6:56.327",1320,360,56.327,416.327
"536",2002,"Salt Lake City, United States","5000m Short Track Relay Men","Kai Feng","CHN","BRONZE","6:59.633","6:59.633",1320,360,59.633,419.633
"537",2002,"Salt Lake City, United States","5000m Short Track Relay Men","Wei Guo","CHN","BRONZE","6:59.633","6:59.633",1320,360,59.633,419.633
"538",2002,"Salt Lake City, United States","5000m Short Track Relay Men","Ye Li","CHN","BRONZE","6:59.633","6:59.633",1320,360,59.633,419.633
"539",2002,"Salt Lake City, United States","5000m Short Track Relay Men","Jiajun Li","CHN","BRONZE","6:59.633","6:59.633",1320,360,59.633,419.633
"540",2002,"Salt Lake City, United States","1500m Short Track Men","Apolo Anton Ohno","USA","GOLD","2:18.541","2:18.541",1320,120,18.541,138.541
"541",2002,"Salt Lake City, United States","1500m Short Track Men","Jiajun Li","CHN","SILVER","2:18.731","2:18.731",1320,120,18.731,138.731
"542",2002,"Salt Lake City, United States","1500m Short Track Men","Marc Gagnon","CAN","BRONZE","2:18.806","2:18.806",1320,120,18.806,138.806
"543",2002,"Salt Lake City, United States","500m Short Track Women","Yang (A) Yang","CHN","GOLD","44.187","00:44.187",1320,0,44.187,44.187
"544",2002,"Salt Lake City, United States","500m Short Track Women","Evgenia Radanova","BUL","SILVER","44.252","00:44.252",1320,0,44.252,44.252
"545",2002,"Salt Lake City, United States","500m Short Track Women","Chunlu Wang","CHN","BRONZE","44.272","00:44.272",1320,0,44.272,44.272
"546",2002,"Salt Lake City, United States","1000m Short Track Women","Yang (A) Yang","CHN","GOLD","1:36.391","1:36.391",1320,60,36.391,96.391
"547",2002,"Salt Lake City, United States","1000m Short Track Women","Gi-Hyun Ko","KOR","SILVER","1:36.427","1:36.427",1320,60,36.427,96.427
"548",2002,"Salt Lake City, United States","1000m Short Track Women","Yang (S) Yang","CHN","BRONZE","1:37.008","1:37.008",1320,60,37.008,97.008
"549",2002,"Salt Lake City, United States","3000m Short Track Relay Women","Hye-Won Park","KOR","GOLD","4:12.793","4:12.793",1320,240,12.793,252.793
"550",2002,"Salt Lake City, United States","3000m Short Track Relay Women","Min-Jin Joo","KOR","GOLD","4:12.793","4:12.793",1320,240,12.793,252.793
"551",2002,"Salt Lake City, United States","3000m Short Track Relay Women","Eun-Kyung Choi","KOR","GOLD","4:12.793","4:12.793",1320,240,12.793,252.793
"552",2002,"Salt Lake City, United States","3000m Short Track Relay Women","Min-Kyung Choi","KOR","GOLD","4:12.793","4:12.793",1320,240,12.793,252.793
"553",2002,"Salt Lake City, United States","3000m Short Track Relay Women","Yang (S) Yang","CHN","SILVER","4:13.236","4:13.236",1320,240,13.236,253.236
"554",2002,"Salt Lake City, United States","3000m Short Track Relay Women","Chunlu Wang","CHN","SILVER","4:13.236","4:13.236",1320,240,13.236,253.236
"555",2002,"Salt Lake City, United States","3000m Short Track Relay Women","Yang (A) Yang","CHN","SILVER","4:13.236","4:13.236",1320,240,13.236,253.236
"556",2002,"Salt Lake City, United States","3000m Short Track Relay Women","Dandan Sun","CHN","SILVER","4:13.236","4:13.236",1320,240,13.236,253.236
"557",2002,"Salt Lake City, United States","3000m Short Track Relay Women","Marie-Eve Drolet","CAN","BRONZE","4:15.738","4:15.738",1320,240,15.738,255.738
"558",2002,"Salt Lake City, United States","3000m Short Track Relay Women","Isabelle Charest","CAN","BRONZE","4:15.738","4:15.738",1320,240,15.738,255.738
"559",2002,"Salt Lake City, United States","3000m Short Track Relay Women","Amelie Goulet-Nadon","CAN","BRONZE","4:15.738","4:15.738",1320,240,15.738,255.738
"560",2002,"Salt Lake City, United States","3000m Short Track Relay Women","Alanna Kraus","CAN","BRONZE","4:15.738","4:15.738",1320,240,15.738,255.738
"561",2002,"Salt Lake City, United States","1500m Short Track Women","Gi-Hyun Ko","KOR","GOLD","2:31.581","2:31.581",1320,120,31.581,151.581
"562",2002,"Salt Lake City, United States","1500m Short Track Women","Eun-Kyung Choi","KOR","SILVER","2:31.610","2:31.610",1320,120,31.61,151.61
"563",2002,"Salt Lake City, United States","1500m Short Track Women","Evgenia Radanova","BUL","BRONZE","2:31.723","2:31.723",1320,120,31.723,151.723
"564",2006,"Turin, Italy","500m Men","Apolo Anton Ohno","USA","GOLD","69.76","00:69.76",239,0,69.76,69.76
"565",2006,"Turin, Italy","500m Men","Francois-Louis Tremblay","RUS","SILVER","70.41","00:70.41",239,0,70.41,70.41
"566",2006,"Turin, Italy","500m Men","Ahn Hyun-Soo","KOR","BRONZE","70.43","00:70.43",239,0,70.43,70.43
"567",2006,"Turin, Italy","1000m Men","Shani Davis","USA","GOLD","01:08.9","01:08.9",239,60,8.9,68.9
"568",2006,"Turin, Italy","1000m Men","Joey Cheek","USA","SILVER","01:09.2","01:09.2",239,60,9.2,69.2
"569",2006,"Turin, Italy","1000m Men","Erben Wennemars","NED","BRONZE","01:09.3","01:09.3",239,60,9.3,69.3
"570",2006,"Turin, Italy","1500m Men","Enrico Fabris","ITA","GOLD","01:46.0","01:46.0",239,60,46,106
"571",2006,"Turin, Italy","1500m Men","Shani Davis","USA","SILVER","01:46.1","01:46.1",239,60,46.1,106.1
"572",2006,"Turin, Italy","1500m Men","Chad Hedrick","USA","BRONZE","01:46.2","01:46.2",239,60,46.2,106.2
"573",2006,"Turin, Italy","5000m Men","Chad Hedrick","USA","GOLD","06:14.7","06:14.7",239,360,14.7,374.7
"574",2006,"Turin, Italy","5000m Men","Sven Kramer","NED","SILVER","06:16.4","06:16.4",239,360,16.4,376.4
"575",2006,"Turin, Italy","5000m Men","Enrico Fabris","ITA","BRONZE","06:18.2","06:18.2",239,360,18.2,378.2
"576",2006,"Turin, Italy","10000m Men","Bob de Jong","NED","GOLD","13:01.6","13:01.6",239,780,1.6,781.6
"577",2006,"Turin, Italy","10000m Men","Chad Hedrick","USA","SILVER","13:05.4","13:05.4",239,780,5.4,785.4
"578",2006,"Turin, Italy","10000m Men","Carl Verheijen","NED","BRONZE","13:08.8","13:08.8",239,780,8.8,788.8
"579",2006,"Turin, Italy","Team Pursuit Men","Ippolito Sanfratello","ITA","GOLD","03:44.0","03:44.0",239,180,44,224
"580",2006,"Turin, Italy","Team Pursuit Men","Stefano Donagrandi","ITA","GOLD","03:44.0","03:44.0",239,180,44,224
"581",2006,"Turin, Italy","Team Pursuit Men","Enrico Fabris","ITA","GOLD","03:44.0","03:44.0",239,180,44,224
"582",2006,"Turin, Italy","Team Pursuit Men","Matteo Anesi","ITA","GOLD","03:44.0","03:44.0",239,180,44,224
"583",2006,"Turin, Italy","Team Pursuit Men","Steven Elm","CAN","SILVER","03:47.3","03:47.3",239,180,47.3,227.3
"584",2006,"Turin, Italy","Team Pursuit Men","Arne Dankers","CAN","SILVER","03:47.3","03:47.3",239,180,47.3,227.3
"585",2006,"Turin, Italy","Team Pursuit Men","Jason Parker","CAN","SILVER","03:47.3","03:47.3",239,180,47.3,227.3
"586",2006,"Turin, Italy","Team Pursuit Men","Denny Morrison","CAN","SILVER","03:47.3","03:47.3",239,180,47.3,227.3
"587",2006,"Turin, Italy","Team Pursuit Men","Justin Warsylewicz","CAN","SILVER","03:47.3","03:47.3",239,180,47.3,227.3
"588",2006,"Turin, Italy","Team Pursuit Men","Erben Wennemars","NED","BRONZE","03:44.5","03:44.5",239,180,44.5,224.5
"589",2006,"Turin, Italy","Team Pursuit Men","Rintje Ritsma","NED","BRONZE","03:44.5","03:44.5",239,180,44.5,224.5
"590",2006,"Turin, Italy","Team Pursuit Men","Carl Verheijen","NED","BRONZE","03:44.5","03:44.5",239,180,44.5,224.5
"591",2006,"Turin, Italy","Team Pursuit Men","Mark Tuitert","NED","BRONZE","03:44.5","03:44.5",239,180,44.5,224.5
"592",2006,"Turin, Italy","Team Pursuit Men","Sven Kramer","NED","BRONZE","03:44.5","03:44.5",239,180,44.5,224.5
"593",2006,"Turin, Italy","500m Women","Svetlana Zhurova","RUS","GOLD","76.57","00:76.57",239,0,76.57,76.57
"594",2006,"Turin, Italy","500m Women","Wang Manli","CHN","SILVER","76.78","00:76.78",239,0,76.78,76.78
"595",2006,"Turin, Italy","500m Women","Ren Hui","CHN","BRONZE","76.87","00:76.87",239,0,76.87,76.87
"596",2006,"Turin, Italy","1000m Women","Marianne Timmer","NED","GOLD","01:16.1","01:16.1",239,60,16.1,76.1
"597",2006,"Turin, Italy","1000m Women","Cindy Klassen","CAN","SILVER","01:16.1","01:16.1",239,60,16.1,76.1
"598",2006,"Turin, Italy","1000m Women","Anna Friesinger","GER","BRONZE","01:16.1","01:16.1",239,60,16.1,76.1
"599",2006,"Turin, Italy","1500m Women","Cindy Klassen","CAN","GOLD","01:55.3","01:55.3",239,60,55.3,115.3
"600",2006,"Turin, Italy","1500m Women","Kristina Groves","CAN","SILVER","01:56.7","01:56.7",239,60,56.7,116.7
"601",2006,"Turin, Italy","1500m Women","Ireen Wüst","NED","BRONZE","01:56.9","01:56.9",239,60,56.9,116.9
"602",2006,"Turin, Italy","3000m Women","Ireen Wüst","NED","GOLD","04:02.4","04:02.4",239,240,2.4,242.4
"603",2006,"Turin, Italy","3000m Women","Renate Groenevold","NED","SILVER","04:03.5","04:03.5",239,240,3.5,243.5
"604",2006,"Turin, Italy","3000m Women","Cindy Klassen","CAN","BRONZE","04:04.4","04:04.4",239,240,4.4,244.4
"605",2006,"Turin, Italy","5000m Women","Clara Hughes","CAN","GOLD","06:59.1","06:59.1",239,360,59.1,419.1
"606",2006,"Turin, Italy","5000m Women","Claudia Pechstein","GER","SILVER","07:00.1","07:00.1",239,420,0.1,420.1
"607",2006,"Turin, Italy","5000m Women","Cindy Klassen","CAN","BRONZE","07:00.6","07:00.6",239,420,0.6,420.6
"608",2006,"Turin, Italy","Team Pursuit Women","Claudia Pechstein","GER","GOLD","03:01.3","03:01.3",239,180,1.3,181.3
"609",2006,"Turin, Italy","Team Pursuit Women","Anna Friesinger","GER","GOLD","03:01.3","03:01.3",239,180,1.3,181.3
"610",2006,"Turin, Italy","Team Pursuit Women","Daniela Anschütz-Thoms","GER","GOLD","03:01.3","03:01.3",239,180,1.3,181.3
"611",2006,"Turin, Italy","Team Pursuit Women","Sabine Völker","GER","GOLD","03:01.3","03:01.3",239,180,1.3,181.3
"612",2006,"Turin, Italy","Team Pursuit Women","Lucille Opitz","GER","GOLD","03:01.3","03:01.3",239,180,1.3,181.3
"613",2006,"Turin, Italy","Team Pursuit Women","Shannon Rempel","CAN","SILVER","03:02.9","03:02.9",239,180,2.9,182.9
"614",2006,"Turin, Italy","Team Pursuit Women","Kristina Groves","CAN","SILVER","03:02.9","03:02.9",239,180,2.9,182.9
"615",2006,"Turin, Italy","Team Pursuit Women","Clara Hughes","CAN","SILVER","03:02.9","03:02.9",239,180,2.9,182.9
"616",2006,"Turin, Italy","Team Pursuit Women","Christine Nesbitt","CAN","SILVER","03:02.9","03:02.9",239,180,2.9,182.9
"617",2006,"Turin, Italy","Team Pursuit Women","Cindy Klassen","CAN","SILVER","03:02.9","03:02.9",239,180,2.9,182.9
"618",2006,"Turin, Italy","Team Pursuit Women","Galina Likhachova","RUS","BRONZE","","",239,NA,NA,NA
"619",2006,"Turin, Italy","Team Pursuit Women","Yekaterina Lobysheva","RUS","BRONZE","","",239,NA,NA,NA
"620",2006,"Turin, Italy","Team Pursuit Women","Yekaterina Abramova","RUS","BRONZE","","",239,NA,NA,NA
"621",2006,"Turin, Italy","Team Pursuit Women","Varvara Barysheva","RUS","BRONZE","","",239,NA,NA,NA
"622",2006,"Turin, Italy","Team Pursuit Women","Svetlana Vysokova","RUS","BRONZE","","",239,NA,NA,NA
"623",2006,"Turin, Italy","500m Short Track Men","Apolo Anton Ohno","USA","GOLD","41.935","00:41.935",239,0,41.935,41.935
"624",2006,"Turin, Italy","500m Short Track Men","Francois-Louis Tremblay","CAN","SILVER","42.002","00:42.002",239,0,42.002,42.002
"625",2006,"Turin, Italy","500m Short Track Men","Ahn Hyun-Soo","KOR","BRONZE","42.089","00:42.089",239,0,42.089,42.089
"626",2006,"Turin, Italy","1000m Short Track Men","Ahn Hyun-Soo","KOR","GOLD","01:26.7","01:26.7",239,60,26.7,86.7
"627",2006,"Turin, Italy","1000m Short Track Men","Lee Ho-Suk","KOR","SILVER","01:26.8","01:26.8",239,60,26.8,86.8
"628",2006,"Turin, Italy","1000m Short Track Men","Apolo Anton Ohno","USA","BRONZE","01:26.9","01:26.9",239,60,26.9,86.9
"629",2006,"Turin, Italy","5000m Short Track Relay Men","Ahn Hyun-Soo","KOR","GOLD","06:43.4","06:43.4",239,360,43.4,403.4
"630",2006,"Turin, Italy","5000m Short Track Relay Men","Seo Ho-Jin","KOR","GOLD","06:43.4","06:43.4",239,360,43.4,403.4
"631",2006,"Turin, Italy","5000m Short Track Relay Men","Lee Ho-Suk","KOR","GOLD","06:43.4","06:43.4",239,360,43.4,403.4
"632",2006,"Turin, Italy","5000m Short Track Relay Men","Song Suk-Woo","KOR","GOLD","06:43.4","06:43.4",239,360,43.4,403.4
"633",2006,"Turin, Italy","5000m Short Track Relay Men","Francois-Louis Tremblay","CAN","SILVER","06:43.7","06:43.7",239,360,43.7,403.7
"634",2006,"Turin, Italy","5000m Short Track Relay Men","Mathieu Turcotte","CAN","SILVER","06:43.7","06:43.7",239,360,43.7,403.7
"635",2006,"Turin, Italy","5000m Short Track Relay Men","Charles Hamelin","CAN","SILVER","06:43.7","06:43.7",239,360,43.7,403.7
"636",2006,"Turin, Italy","5000m Short Track Relay Men","Éric Bédard","CAN","SILVER","06:43.7","06:43.7",239,360,43.7,403.7
"637",2006,"Turin, Italy","5000m Short Track Relay Men","Alex Izykowski","USA","BRONZE","06:48.0","06:48.0",239,360,48,408
"638",2006,"Turin, Italy","5000m Short Track Relay Men","J.P. Kepka","USA","BRONZE","06:48.0","06:48.0",239,360,48,408
"639",2006,"Turin, Italy","5000m Short Track Relay Men","Apolo Anton Ohno","USA","BRONZE","06:48.0","06:48.0",239,360,48,408
"640",2006,"Turin, Italy","5000m Short Track Relay Men","Rusty Smith","USA","BRONZE","06:48.0","06:48.0",239,360,48,408
"641",2006,"Turin, Italy","1500m Short Track Men","Ahn Hyun-Soo","KOR","GOLD","02:25.3","02:25.3",239,120,25.3,145.3
"642",2006,"Turin, Italy","1500m Short Track Men","Lee Ho-Suk","KOR","SILVER","02:25.6","02:25.6",239,120,25.6,145.6
"643",2006,"Turin, Italy","1500m Short Track Men","Jiajun Li","CHN","BRONZE","02:26.0","02:26.0",239,120,26,146
"644",2006,"Turin, Italy","500m Short Track Women","Wang Meng","CHN","GOLD","44.345","00:44.345",239,0,44.345,44.345
"645",2006,"Turin, Italy","500m Short Track Women","Evgenia Radanova","BUL","SILVER","44.374","00:44.374",239,0,44.374,44.374
"646",2006,"Turin, Italy","500m Short Track Women","Anouk Leblanc-Boucher","CAN","BRONZE","44.759","00:44.759",239,0,44.759,44.759
"647",2006,"Turin, Italy","1000m Short Track Women","Jin Sun-Yu","KOR","GOLD","01:32.9","01:32.9",239,60,32.9,92.9
"648",2006,"Turin, Italy","1000m Short Track Women","Wang Meng","CHN","SILVER","01:33.1","01:33.1",239,60,33.1,93.1
"649",2006,"Turin, Italy","1000m Short Track Women","Yang (A) Yang","CHN","BRONZE","01:33.9","01:33.9",239,60,33.9,93.9
"650",2006,"Turin, Italy","3000m Short Track Relay Women","Jin Sun-Yu","KOR","GOLD","04:17.0","04:17.0",239,240,17,257
"651",2006,"Turin, Italy","3000m Short Track Relay Women","Eun-Kyung Choi","KOR","GOLD","04:17.0","04:17.0",239,240,17,257
"652",2006,"Turin, Italy","3000m Short Track Relay Women","Byun Chun-Sa","KOR","GOLD","04:17.0","04:17.0",239,240,17,257
"653",2006,"Turin, Italy","3000m Short Track Relay Women","Jeon Da-Hye","KOR","GOLD","04:17.0","04:17.0",239,240,17,257
"654",2006,"Turin, Italy","3000m Short Track Relay Women","Alanna Kraus","CAN","SILVER","04:17.3","04:17.3",239,240,17.3,257.3
"655",2006,"Turin, Italy","3000m Short Track Relay Women","Anouk Leblanc-Boucher","CAN","SILVER","04:17.3","04:17.3",239,240,17.3,257.3
"656",2006,"Turin, Italy","3000m Short Track Relay Women","Kalyna Roberge","CAN","SILVER","04:17.3","04:17.3",239,240,17.3,257.3
"657",2006,"Turin, Italy","3000m Short Track Relay Women","Katia Zini","ITA","BRONZE","04:20.0","04:20.0",239,240,20,260
"658",2006,"Turin, Italy","3000m Short Track Relay Women","Mara Zini","ITA","BRONZE","04:20.0","04:20.0",239,240,20,260
"659",2006,"Turin, Italy","3000m Short Track Relay Women","Marta Capurso","ITA","BRONZE","04:20.0","04:20.0",239,240,20,260
"660",2006,"Turin, Italy","3000m Short Track Relay Women","Arianna Fontana","ITA","BRONZE","04:20.0","04:20.0",239,240,20,260
"661",2006,"Turin, Italy","1500m Short Track Women","Jin Sun-Yu","KOR","GOLD","02:23.5","02:23.5",239,120,23.5,143.5
"662",2006,"Turin, Italy","1500m Short Track Women","Eun-Kyung Choi","KOR","SILVER","02:24.1","02:24.1",239,120,24.1,144.1
"663",2006,"Turin, Italy","1500m Short Track Women","Wang Meng","CHN","BRONZE","02:24.5","02:24.5",239,120,24.5,144.5
"664",2010,"Vancouver, Canada","500m Men","Mo Tae-Bum","KOR","GOLD","69.82","00:69.82",21,0,69.82,69.82
"665",2010,"Vancouver, Canada","500m Men","Keiichiro Nagashima","JPN","SILVER","69.98","00:69.98",21,0,69.98,69.98
"666",2010,"Vancouver, Canada","500m Men","Joji Kato","JPN","BRONZE","70.01","00:70.01",21,0,70.01,70.01
"667",2010,"Vancouver, Canada","1000m Men","Shani Davis","USA","GOLD","1:08.94","1:08.94",21,60,8.94,68.94
"668",2010,"Vancouver, Canada","1000m Men","Mo Tae-Bum","KOR","SILVER","1:09.12","1:09.12",21,60,9.12,69.12
"669",2010,"Vancouver, Canada","1000m Men","Chad Hedrick","USA","BRONZE","1:09.32","1:09.32",21,60,9.32,69.32
"670",2010,"Vancouver, Canada","1500m Men","Mark Tuitert","NED","GOLD","1:45.57","1:45.57",21,60,45.57,105.57
"671",2010,"Vancouver, Canada","1500m Men","Shani Davis","USA","SILVER","1:46.10","1:46.10",21,60,46.1,106.1
"672",2010,"Vancouver, Canada","1500m Men","Håvard Bøkko","NOR","BRONZE","1:46.13","1:46.13",21,60,46.13,106.13
"673",2010,"Vancouver, Canada","5000m Men","Sven Kramer","NED","GOLD","6:14.60","6:14.60",21,360,14.6,374.6
"674",2010,"Vancouver, Canada","5000m Men","Lee Seung-Hoon","KOR","SILVER","6:16.95","6:16.95",21,360,16.95,376.95
"675",2010,"Vancouver, Canada","5000m","Ivan Skobrev","RUS","BRONZE","6:18.05","6:18.05",21,360,18.05,378.05
"676",2010,"Vancouver, Canada","10000m Men","Lee Seung-Hoon","KOR","GOLD","12:58.55","12:58.55",21,720,58.55,778.55
"677",2010,"Vancouver, Canada","10000m Men","Ivan Skobrev","RUS","SILVER","13:02.07","13:02.07",21,780,2.07,782.07
"678",2010,"Vancouver, Canada","10000m Men","Bob de Jong","NED","BRONZE","13:06.73","13:06.73",21,780,6.73,786.73
"679",2010,"Vancouver, Canada","Team Pursuit Men","Mathieu Giroux","CAN","GOLD","3:41.37","3:41.37",21,180,41.37,221.37
"680",2010,"Vancouver, Canada","Team Pursuit Men","Lucas Makowsky","CAN","GOLD","3:41.37","3:41.37",21,180,41.37,221.37
"681",2010,"Vancouver, Canada","Team Pursuit Men","Denny Morrison","CAN","GOLD","3:41.37","3:41.37",21,180,41.37,221.37
"682",2010,"Vancouver, Canada","Team Pursuit Men","Brian Hansen","USA","SILVER","3:41.58","3:41.58",21,180,41.58,221.58
"683",2010,"Vancouver, Canada","Team Pursuit Men","Chad Hedrick","USA","SILVER","3:41.58","3:41.58",21,180,41.58,221.58
"684",2010,"Vancouver, Canada","Team Pursuit Men","Jonathan Kuck","USA","SILVER","3:41.58","3:41.58",21,180,41.58,221.58
"685",2010,"Vancouver, Canada","Team Pursuit Men","Trevor Marsicano","USA","SILVER","3:41.58","3:41.58",21,180,41.58,221.58
"686",2010,"Vancouver, Canada","Team Pursuit Men","Jan Blokhuijsen","NED","BRONZE","3:39.95","3:39.95",21,180,39.95,219.95
"687",2010,"Vancouver, Canada","Team Pursuit Men","Sven Kramer","NED","BRONZE","3:39.95","3:39.95",21,180,39.95,219.95
"688",2010,"Vancouver, Canada","Team Pursuit Men","Simon Kuipers","NED","BRONZE","3:39.95","3:39.95",21,180,39.95,219.95
"689",2010,"Vancouver, Canada","Team Pursuit Men","Mark Tuitert","NED","BRONZE","3:39.95","3:39.95",21,180,39.95,219.95
"690",2010,"Vancouver, Canada","500m Women","Lee Sang-Hwa","KOR","GOLD","76.09","00:76.09",21,0,76.09,76.09
"691",2010,"Vancouver, Canada","500m Women","Jenny Wolf","GER","SILVER","76.14","00:76.14",21,0,76.14,76.14
"692",2010,"Vancouver, Canada","500m Women","Wang Beixing","CHN","BRONZE","76.63","00:76.63",21,0,76.63,76.63
"693",2010,"Vancouver, Canada","1000m Women","Christine Nesbitt","CAN","GOLD","1:16.56","1:16.56",21,60,16.56,76.56
"694",2010,"Vancouver, Canada","1000m Women","Annette Gerritsen","NED","SILVER","1:16.58","1:16.58",21,60,16.58,76.58
"695",2010,"Vancouver, Canada","1000m Women","Laurine van Riessen","NED","BRONZE","1:16.72","1:16.72",21,60,16.72,76.72
"696",2010,"Vancouver, Canada","1500m Women","Ireen Wüst","NED","GOLD","1:56.89","1:56.89",21,60,56.89,116.89
"697",2010,"Vancouver, Canada","1500m Women","Kristina Groves","CAN","SILVER","1:57.14","1:57.14",21,60,57.14,117.14
"698",2010,"Vancouver, Canada","1500m Women","Martina Sáblíková","CZE","BRONZE","1:57.96","1:57.96",21,60,57.96,117.96
"699",2010,"Vancouver, Canada","3000m Women","Martina Sáblíková","CZE","GOLD","4:02.53","4:02.53",21,240,2.53,242.53
"700",2010,"Vancouver, Canada","3000m Women","Stephanie Beckert","GER","SILVER","4:04.62","4:04.62",21,240,4.62,244.62
"701",2010,"Vancouver, Canada","3000m Women","Kristina Groves","CAN","BRONZE","4:04.84","4:04.84",21,240,4.84,244.84
"702",2010,"Vancouver, Canada","5000m Women","Martina Sáblíková","CZE","GOLD","6:50.92","6:50.92",21,360,50.92,410.92
"703",2010,"Vancouver, Canada","5000m Women","Stephanie Beckert","GER","SILVER","6:51.39","6:51.39",21,360,51.39,411.39
"704",2010,"Vancouver, Canada","5000m Women","Clara Hughes","GER","BRONZE","6:55.73","6:55.73",21,360,55.73,415.73
"705",2010,"Vancouver, Canada","Team Pursuit Women","Daniela Anschütz-Thoms","GER","GOLD","3:02.82","3:02.82",21,180,2.82,182.82
"706",2010,"Vancouver, Canada","Team Pursuit Women","Stephanie Beckert","GER","GOLD","3:02.82","3:02.82",21,180,2.82,182.82
"707",2010,"Vancouver, Canada","Team Pursuit Women","Anni Friesinger-Postma","GER","GOLD","3:02.82","3:02.82",21,180,2.82,182.82
"708",2010,"Vancouver, Canada","Team Pursuit Women","Katrin Mattscherodt","GER","GOLD","3:02.82","3:02.82",21,180,2.82,182.82
"709",2010,"Vancouver, Canada","Team Pursuit Women","Masako Hozumi","JPN","SILVER","3:02.84","3:02.84",21,180,2.84,182.84
"710",2010,"Vancouver, Canada","Team Pursuit Women","Nao Kodaira","JPN","SILVER","3:02.84","3:02.84",21,180,2.84,182.84
"711",2010,"Vancouver, Canada","Team Pursuit Women","Maki Tabata","JPN","SILVER","3:02.84","3:02.84",21,180,2.84,182.84
"712",2010,"Vancouver, Canada","Team Pursuit Women","Katarzyna Bachleda-Curuś","POL","BRONZE","3:03.73","3:03.73",21,180,3.73,183.73
"713",2010,"Vancouver, Canada","Team Pursuit Women","Katarzyna Woźniak","POL","BRONZE","3:03.73","3:03.73",21,180,3.73,183.73
"714",2010,"Vancouver, Canada","Team Pursuit Women","Luiza Złotkowska","POL","BRONZE","3:03.73","3:03.73",21,180,3.73,183.73
"715",2010,"Vancouver, Canada","500m Short Track Men","Charles Hamelin","CAN","GOLD","40.981","00:40.981",21,0,40.981,40.981
"716",2010,"Vancouver, Canada","500m Short Track Men","Sung Si-Bak","KOR","SILVER","41.34","00:41.340",21,0,41.34,41.34
"717",2010,"Vancouver, Canada","500m Short Track Men","François-Louis Tremblay","CAN","BRONZE","46.366","00:46.366",21,0,46.366,46.366
"718",2010,"Vancouver, Canada","1000m Short Track Men","Lee Jung-Su","KOR","GOLD","1:23.747","1:23.747",21,60,23.747,83.747
"719",2010,"Vancouver, Canada","1000m Short Track Men","Lee Ho-Suk","KOR","SILVER","1:23.801","1:23.801",21,60,23.801,83.801
"720",2010,"Vancouver, Canada","1000m Short Track Men","Apolo Anton Ohno","USA","BRONZE","1:24.128","1:24.128",21,60,24.128,84.128
"721",2010,"Vancouver, Canada","1500m Short Track Men","Lee Jung-Su","KOR","GOLD","2:17.611","2:17.611",21,120,17.611,137.611
"722",2010,"Vancouver, Canada","1500m Short Track Men","Apolo Anton Ohno","USA","SILVER","2:17.976","2:17.976",21,120,17.976,137.976
"723",2010,"Vancouver, Canada","1500m Short Track Men","J. R. Celski","USA","BRONZE","2:18.053","2:18.053",21,120,18.053,138.053
"724",2010,"Vancouver, Canada","5000m Short Track Relay Men","Charles Hamelin","CAN","GOLD","6:44.224","6:44.224",21,360,44.224,404.224
"725",2010,"Vancouver, Canada","5000m Short Track Relay Men","François Hamelin","CAN","GOLD","6:44.224","6:44.224",21,360,44.224,404.224
"726",2010,"Vancouver, Canada","5000m Short Track Relay Men","Olivier Jean","CAN","GOLD","6:44.224","6:44.224",21,360,44.224,404.224
"727",2010,"Vancouver, Canada","5000m Short Track Relay Men","François-Louis Tremblay","CAN","GOLD","6:44.224","6:44.224",21,360,44.224,404.224
"728",2010,"Vancouver, Canada","5000m Short Track Relay Men","Kwak Yoon-Gy","KOR","SILVER","6:44.446","6:44.446",21,360,44.446,404.446
"729",2010,"Vancouver, Canada","5000m Short Track Relay Men","Lee Ho-Suk","KOR","SILVER","6:44.446","6:44.446",21,360,44.446,404.446
"730",2010,"Vancouver, Canada","5000m Short Track Relay Men","Lee Jung-Su","KOR","SILVER","6:44.446","6:44.446",21,360,44.446,404.446
"731",2010,"Vancouver, Canada","5000m Short Track Relay Men","Sung Si-Bak","KOR","SILVER","6:44.446","6:44.446",21,360,44.446,404.446
"732",2010,"Vancouver, Canada","5000m Short Track Relay Men","J.R. Celski","USA","BRONZE","6:44.498","6:44.498",21,360,44.498,404.498
"733",2010,"Vancouver, Canada","5000m Short Track Relay Men","Travis Jayner","USA","BRONZE","6:44.498","6:44.498",21,360,44.498,404.498
"734",2010,"Vancouver, Canada","5000m Short Track Relay Men","Jordan Malone","USA","BRONZE","6:44.498","6:44.498",21,360,44.498,404.498
"735",2010,"Vancouver, Canada","5000m Short Track Relay Men","Apolo Anton Ohno","USA","BRONZE","6:44.498","6:44.498",21,360,44.498,404.498
"736",2010,"Vancouver, Canada","500m Short Track Women","Wang Meng","CHN","GOLD","43.048","00:43.048",21,0,43.048,43.048
"737",2010,"Vancouver, Canada","500m Short Track Women","Marianne St-Gelais","CAN","SILVER","43.707","00:43.707",21,0,43.707,43.707
"738",2010,"Vancouver, Canada","500m Short Track Women","Arianna Fontana","ITA","BRONZE","43.804","00:43.804",21,0,43.804,43.804
"739",2010,"Vancouver, Canada","1000m Short Track Women","Wang Meng","CHN","GOLD","1:29.213","1:29.213",21,60,29.213,89.213
"740",2010,"Vancouver, Canada","1000m Short Track Women","Katherine Reutter","USA","SILVER","1:29.324","1:29.324",21,60,29.324,89.324
"741",2010,"Vancouver, Canada","1000m Short Track Women","Park Seung-Hi","KOR","BRONZE","1:29.379","1:29.379",21,60,29.379,89.379
"742",2010,"Vancouver, Canada","1500m Short Track Women","Zhou Yang","CHN","GOLD","2:16.993","2:16.993",21,120,16.993,136.993
"743",2010,"Vancouver, Canada","1500m Short Track Women","Lee Eun-Byul","KOR","SILVER","2:17.849","2:17.849",21,120,17.849,137.849
"744",2010,"Vancouver, Canada","1500m Short Track Women","Park Seung-Hi","KOR","BRONZE","2:17.927","2:17.927",21,120,17.927,137.927
"745",2010,"Vancouver, Canada","3000m Short Track Relay Women","Sun Linlin","CHN","GOLD","4:06.610","4:06.610",21,240,6.61,246.61
"746",2010,"Vancouver, Canada","3000m Short Track Relay Women","Wang Meng","CHN","GOLD","4:06.610","4:06.610",21,240,6.61,246.61
"747",2010,"Vancouver, Canada","3000m Short Track Relay Women","Zhang Hui","CHN","GOLD","4:06.610","4:06.610",21,240,6.61,246.61
"748",2010,"Vancouver, Canada","3000m Short Track Relay Women","Zhou Yang","CHN","GOLD","4:06.610","4:06.610",21,240,6.61,246.61
"749",2010,"Vancouver, Canada","3000m Short Track Relay Women","Jessica Gregg","CAN","SILVER","4:09.137","4:09.137",21,240,9.137,249.137
"750",2010,"Vancouver, Canada","3000m Short Track Relay Women","Kalyna Roberge","CAN","SILVER","4:09.137","4:09.137",21,240,9.137,249.137
"751",2010,"Vancouver, Canada","3000m Short Track Relay Women","Marianne St-Gelais","CAN","SILVER","4:09.137","4:09.137",21,240,9.137,249.137
"752",2010,"Vancouver, Canada","3000m Short Track Relay Women","Tania Vicent","CAN","SILVER","4:09.137","4:09.137",21,240,9.137,249.137
"753",2010,"Vancouver, Canada","3000m Short Track Relay Women","Allison Baver","USA","BRONZE","4:14.081","4:14.081",21,240,14.081,254.081
"754",2010,"Vancouver, Canada","3000m Short Track Relay Women","Alyson Dudek","USA","BRONZE","4:14.081","4:14.081",21,240,14.081,254.081
"755",2010,"Vancouver, Canada","3000m Short Track Relay Women","Lana Gehring","USA","BRONZE","4:14.081","4:14.081",21,240,14.081,254.081
"756",2010,"Vancouver, Canada","3000m Short Track Relay Women","Katherine Reutter","USA","BRONZE","4:14.081","4:14.081",21,240,14.081,254.081
